Workbook

Sheet Leiðbeiningar
B2: Launagreiningar-sniðmát
B3: Jafnréttisstofa • Skýrsluferli – Innsláttarskjal
B5: Flipaskipan
B6: Viðmið | C6: Yfirflokkarnir (starfsbundnir og einstaklingsbundnir). Vægi verður að summast í 100%. Aðeins eitt einstaklingsbundið viðmið er leyft. Vægi eru auð í upphafi og þarf að fylla út.
B7: Undirviðmið | C7: Undirflokkar hvers viðmiðs. Veldu yfirviðmið og undirviðmið úr fellilistum; skilgreining, fjöldi þrepa og þrepalýsingar fyllast sjálfkrafa út frá Undirviðmiðalistanum (aftasti flipi) en má yfirskrifa. Listinn hefur bæði starfsbundna og einstaklingsbundna hluta; frjáls texti er líka leyfður. Vægi undirviðmiða verður að summast í vægi yfirviðmiðsins.
B8: Starfsmenn | C8: Listi yfir starfsfólk með laun, menntun og starfsupplýsingar.
B9: Flokkun starfa | C9: Stigagjöf per starfsheiti (línur) á starfsbundnum (skylda) undirviðmiðum (dálkar).
B10: Flokkun starfsmanna | C10: Stigagjöf per starfsmann á einstaklingsbundnum (valfrjálsum) undirviðmiðum.
B11: Yfirlit | C11: Samantekt: heildarstig á starfsmann (starfsbundið + einstaklingsbundið) og launatölur.
B13: Reiknilíkan – Stigagjöf
B14: Formúla | C14: stig = (þrep / fjöldi þrepa) × vægi × KVARÐI
B15: KVARÐI | C15: Sjálfgefið 10 → hámark heildarstig = 1000 á starfsmann (100% × 10).
B16: Dæmi | C16: Undirviðmið með 10% vægi og 5 þrepum: hámark = 100 stig, þrep 3 = 60 stig.
B17: Dæmi 2 | C17: Undirviðmið með 5% vægi og 5 þrepum: hámark = 50 stig, þrep 3 = 30 stig.
B19: Litakóðun
B20: Blátt letur | C20: Innsláttarreitir (notandi fyllir út).
B21: Svart letur | C21: Reiknaðir reitir (formúlur) – má ekki breyta.
B22: Grænt letur | C22: Tilvísanir í aðra flipa – má ekki breyta.
B23: Grár bakgrunnur | C23: Læstir reitir (t.d. lögboðnir flokkar sem ekki má endurnefna).
B24: Gulur bakgrunnur | C24: Reitir sem þurfa athygli eða eru sjálfvirkir villuvísar.
B25: Rauður bakgrunnur | C25: Villa – t.d. vægi summast ekki í 100%.
B27: Valideringsreglur
B28: Viðmið | C28: Summa vægis (starfsbundið + einstaklingsbundið) = nákvæmlega 100%.
B29: Undirviðmið | C29: Summa vægis undirviðmiða innan hvers yfirviðmiðs = vægi þess yfirviðmiðs.
B30: Þrep | C30: Aðeins heilar tölur 1…fjöldi_þrepa eru leyfðar.
B31: Starfshlutfall | C31: Gildi á bilinu 0–1 með aukastöfum: 1 = 100%, 0,55 = 55%. Gildið er geymt beint sem hlutfall (0–1) og samsvarar gagnagrunnsreitnum án umreiknings.
B32: Aukagreiðslur | C32: Má vera autt ef á ekki við — gagnagrunnsreiturinn er valfrjáls (nullable).
B33: Ráðningardagur | C33: Ein dagsetning (d.m.yyyy) — ekki tímabil. Samsvarar 'start_date' í gagnagrunni.
B34: Uppreiknuð laun v/ 100% starfshlutfall | C34: Tveir síðustu dálkar á Starfsmenn og Yfirlit reiknast sjálfvirkt út frá starfshlutfalli (0–1): Grunnlaun / starfshlutfall, og (Grunnlaun + Viðbótarlaun + Aukagreiðslur) / starfshlutfall. Þetta gefur samanburðarhæfa tölu óháð því hvort starfsmaðurinn er í fullu starfi eða hlutastarfi. Reitirnir eru læstir.
B36: Persónugreinanleg gögn
B37: Nafn | C37: Nafn er eingöngu til hægðarauka á þessu skjali. Það er EKKI sent til Jafnréttisstofu — gagnagrunnurinn geymir aðeins raðnúmer (ordinal) sem auðkenni starfsmanns.
B38: Kennitala | C38: Kennitala er ekki skráð í skjalið — kerfið býr til tímabundið auðkenni sjálfvirkt við innsendingu.
B40: Notkun
B41: 1 | C41: Fylltu út viðmið og stilltu vægi á Viðmið flipanum.
B42: 2 | C42: Skráðu undirviðmið með vægi, þrepafjölda og lýsingum á Undirviðmið flipanum.
B43: 3 | C43: Skráðu starfsmenn á Starfsmenn flipanum.
B44: 4 | C44: Gefðu hverju starfsheiti þrep á Flokkun starfa.
B45: 5 | C45: Gefðu hverjum starfsmanni þrep á einstaklingsbundnum undirviðmiðum á Flokkun starfsmanna.
B46: 6 | C46: Skoðaðu niðurstöður á Yfirlit flipanum.
B48: KVARÐI (stillanlegt): | C48: 10
B50: Stækkun sniðmátsins
B51: Starfsmenn | C51: Skráðu einfaldlega fleiri línur á Starfsmenn – taflan og formúlurnar stækka sjálfkrafa (allt að 10.000 starfsmenn). Bættu línum við Flokkun starfsmanna og Yfirlit með því að skrifa í næstu línu fyrir neðan eða hægrismella > Insert > Table Rows.
B52: Undirviðmið | C52: Skráðu fleiri undirviðmið beint í næstu auðu línu á Undirviðmið (allt að 200). Dálkar á Flokkun starfa fylgja sjálfkrafa (fyrstu 100 undirviðmið birtast þar).
B53: Störf (línur) | C53: Línur fyrir störf 9–100 eru þegar til staðar á Flokkun starfa en faldar í samanbrotnum línuhópi. Smelltu á „+" hnappinn vinstra megin (eða „2" í útlínustikunni efst til vinstri) til að opna þær. Allt að 100 störf. Starfsheiti raðast sjálfkrafa lóðrétt í B-dálk og viðmiðin liggja lárétt. Samtals stig hvers starfsheitis birtast í C-dálki.
B54: Persónub. undirviðmið (dálkar) | C54: Dálkar fyrir einstaklingsbundin undirviðmið 16–100 eru þegar til staðar á Flokkun starfsmanna en faldir í samanbrotnum dálkahópi. Smelltu á „+" hnappinn fyrir ofan samtölu-dálkinn (GV) til að opna þá. Allt að 100 undirviðmið.

Sheet Viðmið
B2: Viðmið
B3: Skilgreindu viðmið og stilltu vægi. Heildarvægi allra viðmiða (bæði starfsbundinn og einstaklingsbundinn þáttur) þarf að summast í 100%. Aðeins má skilgreina eitt einstaklingsbundið viðmið.
B5: Tegund | C5: Viðmið | D5: Lýsing | E5: Vægi (%) | F5: Læst?
B6: Starfsbundið | C6: Ábyrgð | D6: Metur ábyrgð starfsins á fólki, fjármálum, gæðum og öðrum þáttum. | F6: Já
B7: Starfsbundið | C7: Álag | D7: Metur hraða, tímapressu, líkamlegt og tilfinningalegt álag. | F7: Já
B8: Starfsbundið | C8: Vinnuaðstæður | D8: Metur vaktavinnu, ferðalög, áhættu og aðrar aðstæður starfsins. | F8: Já
B9: Starfsbundið | C9: Hæfni | D9: Metur menntunarkröfur, reynslukröfur og sérhæfingu starfsins. | F9: Já
B10: Einstaklingsbundið | F10: Nei
D12: Heildarvægi: | E12: =SUM(E6:E10) -> 0 | F12: =IF(ROUND(E12,4)=100,"✓ OK","✗ Þarf 100%") -> ✗ Þarf 100%
D13: Fjöldi einstaklingsbundinna viðmiða: | E13: =COUNTIF(B6:B10,"Einstaklingsbundið") -> 1 | F13: =IF(E13<=1,"✓ OK","✗ Hámark er 1") -> ✓ OK

Sheet Undirviðmið
B2: Undirviðmið
B3: Veldu yfirviðmið og undirviðmið úr fellilistum. Skilgreining, fjöldi þrepa og þrepalýsingar fyllast sjálfkrafa út frá Undirviðmiðalistanum (aftasti flipi) en má yfirskrifa. Listinn inniheldur bæði starfsbundin og einstaklingsbundin undirviðmið; einnig má skrá undirviðmið sem frjálsan texta. Ef fjöldi þrepa fyllist ekki sjálfkrafa þarf að skrá hann handvirkt (2–8). Sláðu inn vægi (%) fyrir hvert undirviðmið; vægi allra undirviðmiða undir sama yfirviðmiði verður að jafngilda vægi þess.
A5: # | B5: Yfirviðmið | C5: Undirviðmið | D5: Skilgreining | E5: Vægi (%) | F5: Fjöldi þrepa | G5: Tegund (sjálfvirkt) | H5: Hámarksstig | I5: Samsumma OK? | J5: Þrep 1 | K5: Þrep 2 | L5: Þrep 3 | M5: Þrep 4 | N5: Þrep 5 | O5: Þrep 6 | P5: Þrep 7 | Q5: Þrep 8
A6: =IF($B6="","",ROW()-5) | D6: =IF($C6="","",IF($G6="Einstaklingsbundið",IFERROR(IF(INDEX('Undirviðmiðalisti (Lýsigögn)'!$D$42:$D$58,MATCH($C6,'Undirviðmiðalisti (Lýsigögn)'!$C$42:$C$58,0))="","",INDEX('Undirviðmiðalisti (Lýsigögn)'!$D$42:$D$58,MATCH($C6,'Undirviðmiðalisti (Lýsigögn)'!$C$42:$C$58,0))),""),IFERROR(IF(INDEX('Undirviðmiðalisti (Lýsigögn)'!$D$6:$D$41,MATCH($C6,'Undirviðmiðalisti (Lýsigögn)'!$C$6:$C$41,0))="","",INDEX('Undirviðmiðalisti (Lýsigögn)'!$D$6:$D$41,MATCH($C6,'Undirviðmiðalisti (Lýsigögn)'!$C$6:$C$41,0))),IFERROR(IF(INDEX('Undirviðmiðalisti (Lýsigögn)'!$D$42:$D$58,MATCH($C6,'Undirviðmiðalisti (Lýsigögn)'!$C$42:$C$58,0))="","",INDEX('Undirviðmiðalisti (Lýsigögn)'!$D$42:$D$58,MATCH($C6,'Undirviðmiðalisti (Lýsigögn)'!$C$42:$C$58,0))),"")))) | F6: =IF($C6="","",IF($G6="Einstaklingsbundið",IFERROR(IF(INDEX('Undirviðmiðalisti (Lýsigögn)'!$E$42:$E$58,MATCH($C6,'Undirviðmiðalisti (Lýsigögn)'!$C$42:$C$58,0))="","",INDEX('Undirviðmiðalisti (Lýsigögn)'!$E$42:$E$58,MATCH($C6,'Undirviðmiðalisti (Lýsigögn)'!$C$42:$C$58,0))),""),IFERROR(IF(INDEX('Undirviðmiðalisti (Lýsigögn)'!$E$6:$E$41,MATCH($C6,'Undirviðmiðalisti (Lýsigögn)'!$C$6:$C$41,0))="","",INDEX('Undirviðmiðalisti (Lýsigögn)'!$E$6:$E$41,MATCH($C6,'Undirviðmiðalisti (Lýsigögn)'!$C$6:$C$41,0))),IFERROR(IF(INDEX('Undirviðmiðalisti (Lýsigögn)'!$E$42:$E$58,MATCH($C6,'Undirviðmiðalisti (Lýsigögn)'!$C$42:$C$58,0))="","",INDEX('Undirviðmiðalisti (Lýsigögn)'!$E$42:$E$58,MATCH($C6,'Undirviðmiðalisti (Lýsigögn)'!$C$42:$C$58,0))),"")))) | G6: =IFERROR(IF(B6="","",INDEX(Viðmið!$B$6:$B$10,MATCH(B6,Viðmið!$C$6:$C$10,0))),"") | H6: =IF(OR(E6="",F6=""),"",E6*KVARDI) | I6: =IF(B6="","",IF(ROUND(SUMIF($B$6:$B$205,B6,$E$6:$E$205),4)=ROUND(IFERROR(INDEX(Viðmið!$E$6:$E$10,MATCH(B6,Viðmið!$C$6:$C$10,0)),-1),4),"✓","✗")) | J6: =IF($C6="","",IF($G6="Einstaklingsbundið",IFERROR(IF(INDEX('Undirviðmiðalisti (Lýsigögn)'!F$42:F$58,MATCH($C6,'Undirviðmiðalisti (Lýsigögn)'!$C$42:$C$58,0))="","",INDEX('Undirviðmiðalisti (Lýsigögn)'!F$42:F$58,MATCH($C6,'Undirviðmiðalisti (Lýsigögn)'!$C$42:$C$58,0))),""),IFERROR(IF(INDEX('Undirviðmiðalisti (Lýsigögn)'!F$6:F$41,MATCH($C6,'Undirviðmiðalisti (Lýsigögn)'!$C$6:$C$41,0))="","",INDEX('Undirviðmiðalisti (Lýsigögn)'!F$6:F$41,MATCH($C6,'Undirviðmiðalisti (Lýsigögn)'!$C$6:$C$41,0))),IFERROR(IF(INDEX('Undirviðmiðalisti (Lýsigögn)'!F$42:F$58,MATCH($C6,'Undirviðmiðalisti (Lýsigögn)'!$C$42:$C$58,0))="","",INDEX('Undirviðmiðalisti (Lýsigögn)'!F$42:F$58,MATCH($C6,'Undirviðmiðalisti (Lýsigögn)'!$C$42:$C$58,0))),"")))) | K6: =IF($C6="","",IF($G6="Einstaklingsbundið",IFERROR(IF(INDEX('Undirviðmiðalisti (Lýsigögn)'!G$42:G$58,MATCH($C6,'Undirviðmiðalisti (Lýsigögn)'!$C$42:$C$58,0))="","",INDEX('Undirviðmiðalisti (Lýsigögn)'!G$42:G$58,MATCH($C6,'Undirviðmiðalisti (Lýsigögn)'!$C$42:$C$58,0))),""),IFERROR(IF(INDEX('Undirviðmiðalisti (Lýsigögn)'!G$6:G$41,MATCH($C6,'Undirviðmiðalisti (Lýsigögn)'!$C$6:$C$41,0))="","",INDEX('Undirviðmiðalisti (Lýsigögn)'!G$6:G$41,MATCH($C6,'Undirviðmiðalisti (Lýsigögn)'!$C$6:$C$41,0))),IFERROR(IF(INDEX('Undirviðmiðalisti (Lýsigögn)'!G$42:G$58,MATCH($C6,'Undirviðmiðalisti (Lýsigögn)'!$C$42:$C$58,0))="","",INDEX('Undirviðmiðalisti (Lýsigögn)'!G$42:G$58,MATCH($C6,'Undirviðmiðalisti (Lýsigögn)'!$C$42:$C$58,0))),"")))) | L6: =IF($C6="","",IF($G6="Einstaklingsbundið",IFERROR(IF(INDEX('Undirviðmiðalisti (Lýsigögn)'!H$42:H$58,MATCH($C6,'Undirviðmiðalisti (Lýsigögn)'!$C$42:$C$58,0))="","",INDEX('Undirviðmiðalisti (Lýsigögn)'!H$42:H$58,MATCH($C6,'Undirviðmiðalisti (Lýsigögn)'!$C$42:$C$58,0))),""),IFERROR(IF(INDEX('Undirviðmiðalisti (Lýsigögn)'!H$6:H$41,MATCH($C6,'Undirviðmiðalisti (Lýsigögn)'!$C$6:$C$41,0))="","",INDEX('Undirviðmiðalisti (Lýsigögn)'!H$6:H$41,MATCH($C6,'Undirviðmiðalisti (Lýsigögn)'!$C$6:$C$41,0))),IFERROR(IF(INDEX('Undirviðmiðalisti (Lýsigögn)'!H$42:H$58,MATCH($C6,'Undirviðmiðalisti (Lýsigögn)'!$C$42:$C$58,0))="","",INDEX('Undirviðmiðalisti (Lýsigögn)'!H$42:H$58,MATCH($C6,'Undirviðmiðalisti (Lýsigögn)'!$C$42:$C$58,0))),"")))) | M6: =IF($C6="","",IF($G6="Einstaklingsbundið",IFERROR(IF(INDEX('Undirviðmiðalisti (Lýsigögn)'!I$42:I$58,MATCH($C6,'Undirviðmiðalisti (Lýsigögn)'!$C$42:$C$58,0))="","",INDEX('Undirviðmiðalisti (Lýsigögn)'!I$42:I$58,MATCH($C6,'Undirviðmiðalisti (Lýsigögn)'!$C$42:$C$58,0))),""),IFERROR(IF(INDEX('Undirviðmiðalisti (Lýsigögn)'!I$6:I$41,MATCH($C6,'Undirviðmiðalisti (Lýsigögn)'!$C$6:$C$41,0))="","",INDEX('Undirviðmiðalisti (Lýsigögn)'!I$6:I$41,MATCH($C6,'Undirviðmiðalisti (Lýsigögn)'!$C$6:$C$41,0))),IFERROR(IF(INDEX('Undirviðmiðalisti (Lýsigögn)'!I$42:I$58,MATCH($C6,'Undirviðmiðalisti (Lýsigögn)'!$C$42:$C$58,0))="","",INDEX('Undirviðmiðalisti (Lýsigögn)'!I$42:I$58,MATCH($C6,'Undirviðmiðalisti (Lýsigögn)'!$C$42:$C$58,0))),"")))) | N6: =IF($C6="","",IF($G6="Einstaklingsbundið",IFERROR(IF(INDEX('Undirviðmiðalisti (Lýsigögn)'!J$42:J$58,MATCH($C6,'Undirviðmiðalisti (Lýsigögn)'!$C$42:$C$58,0))="","",INDEX('Undirviðmiðalisti (Lýsigögn)'!J$42:J$58,MATCH($C6,'Undirviðmiðalisti (Lýsigögn)'!$C$42:$C$58,0))),""),IFERROR(IF(INDEX('Undirviðmiðalisti (Lýsigögn)'!J$6:J$41,MATCH($C6,'Undirviðmiðalisti (Lýsigögn)'!$C$6:$C$41,0))="","",INDEX('Undirviðmiðalisti (Lýsigögn)'!J$6:J$41,MATCH($C6,'Undirviðmiðalisti (Lýsigögn)'!$C$6:$C$41,0))),IFERROR(IF(INDEX('Undirviðmiðalisti (Lýsigögn)'!J$42:J$58,MATCH($C6,'Undirviðmiðalisti (Lýsigögn)'!$C$42:$C$58,0))="","",INDEX('Undirviðmiðalisti (Lýsigögn)'!J$42:J$58,MATCH($C6,'Undirviðmiðalisti (Lýsigögn)'!$C$42:$C$58,0))),"")))) | O6: =IF($C6="","",IF($G6="Einstaklingsbundið",IFERROR(IF(INDEX('Undirviðmiðalisti (Lýsigögn)'!K$42:K$58,MATCH($C6,'Undirviðmiðalisti (Lýsigögn)'!$C$42:$C$58,0))="","",INDEX('Undirviðmiðalisti (Lýsigögn)'!K$42:K$58,MATCH($C6,'Undirviðmiðalisti (Lýsigögn)'!$C$42:$C$58,0))),""),IFERROR(IF(INDEX('Undirviðmiðalisti (Lýsigögn)'!K$6:K$41,MATCH($C6,'Undirviðmiðalisti (Lýsigögn)'!$C$6:$C$41,0))="","",INDEX('Undirviðmiðalisti (Lýsigögn)'!K$6:K$41,MATCH($C6,'Undirviðmiðalisti (Lýsigögn)'!$C$6:$C$41,0))),IFERROR(IF(INDEX('Undirviðmiðalisti (Lýsigögn)'!K$42:K$58,MATCH($C6,'Undirviðmiðalisti (Lýsigögn)'!$C$42:$C$58,0))="","",INDEX('Undirviðmiðalisti (Lýsigögn)'!K$42:K$58,MATCH($C6,'Undirviðmiðalisti (Lýsigögn)'!$C$42:$C$58,0))),"")))) | P6: =IF($C6="","",IF($G6="Einstaklingsbundið",IFERROR(IF(INDEX('Undirviðmiðalisti (Lýsigögn)'!L$42:L$58,MATCH($C6,'Undirviðmiðalisti (Lýsigögn)'!$C$42:$C$58,0))="","",INDEX('Undirviðmiðalisti (Lýsigögn)'!L$42:L$58,MATCH($C6,'Undirviðmiðalisti (Lýsigögn)'!$C$42:$C$58,0))),""),IFERROR(IF(INDEX('Undirviðmiðalisti (Lýsigögn)'!L$6:L$41,MATCH($C6,'Undirviðmiðalisti (Lýsigögn)'!$C$6:$C$41,0))="","",INDEX('Undirviðmiðalisti (Lýsigögn)'!L$6:L$41,MATCH($C6,'Undirviðmiðalisti (Lýsigögn)'!$C$6:$C$41,0))),IFERROR(IF(INDEX('Undirviðmiðalisti (Lýsigögn)'!L$42:L$58,MATCH($C6,'Undirviðmiðalisti (Lýsigögn)'!$C$42:$C$58,0))="","",INDEX('Undirviðmiðalisti (Lýsigögn)'!L$42:L$58,MATCH($C6,'Undirviðmiðalisti (Lýsigögn)'!$C$42:$C$58,0))),"")))) | Q6: =IF($C6="","",IF($G6="Einstaklingsbundið",IFERROR(IF(INDEX('Undirviðmiðalisti (Lýsigögn)'!M$42:M$58,MATCH($C6,'Undirviðmiðalisti (Lýsigögn)'!$C$42:$C$58,0))="","",INDEX('Undirviðmiðalisti (Lýsigögn)'!M$42:M$58,MATCH($C6,'Undirviðmiðalisti (Lýsigögn)'!$C$42:$C$58,0))),""),IFERROR(IF(INDEX('Undirviðmiðalisti (Lýsigögn)'!M$6:M$41,MATCH($C6,'Undirviðmiðalisti (Lýsigögn)'!$C$6:$C$41,0))="","",INDEX('Undirviðmiðalisti (Lýsigögn)'!M$6:M$41,MATCH($C6,'Undirviðmiðalisti (Lýsigögn)'!$C$6:$C$41,0))),IFERROR(IF(INDEX('Undirviðmiðalisti (Lýsigögn)'!M$42:M$58,MATCH($C6,'Undirviðmiðalisti (Lýsigögn)'!$C$42:$C$58,0))="","",INDEX('Undirviðmiðalisti (Lýsigögn)'!M$42:M$58,MATCH($C6,'Undirviðmiðalisti (Lýsigögn)'!$C$42:$C$58,0))),""))))
A7: =IF($B7="","",ROW()-5) | D7: =IF($C7="","",IF($G7="Einstaklingsbundið",IFERROR(IF(INDEX('Undirviðmiðalisti (Lýsigögn)'!$D$42:$D$58,MATCH($C7,'Undirviðmiðalisti (Lýsigögn)'!$C$42:$C$58,0))="","",INDEX('Undirviðmiðalisti (Lýsigögn)'!$D$42:$D$58,MATCH($C7,'Undirviðmiðalisti (Lýsigögn)'!$C$42:$C$58,0))),""),IFERROR(IF(INDEX('Undirviðmiðalisti (Lýsigögn)'!$D$6:$D$41,MATCH($C7,'Undirviðmiðalisti (Lýsigögn)'!$C$6:$C$41,0))="","",INDEX('Undirviðmiðalisti (Lýsigögn)'!$D$6:$D$41,MATCH($C7,'Undirviðmiðalisti (Lýsigögn)'!$C$6:$C$41,0))),IFERROR(IF(INDEX('Undirviðmiðalisti (Lýsigögn)'!$D$42:$D$58,MATCH($C7,'Undirviðmiðalisti (Lýsigögn)'!$C$42:$C$58,0))="","",INDEX('Undirviðmiðalisti (Lýsigögn)'!$D$42:$D$58,MATCH($C7,'Undirviðmiðalisti (Lýsigögn)'!$C$42:$C$58,0))),"")))) | F7: =IF($C7="","",IF($G7="Einstaklingsbundið",IFERROR(IF(INDEX('Undirviðmiðalisti (Lýsigögn)'!$E$42:$E$58,MATCH($C7,'Undirviðmiðalisti (Lýsigögn)'!$C$42:$C$58,0))="","",INDEX('Undirviðmiðalisti (Lýsigögn)'!$E$42:$E$58,MATCH($C7,'Undirviðmiðalisti (Lýsigögn)'!$C$42:$C$58,0))),""),IFERROR(IF(INDEX('Undirviðmiðalisti (Lýsigögn)'!$E$6:$E$41,MATCH($C7,'Undirviðmiðalisti (Lýsigögn)'!$C$6:$C$41,0))="","",INDEX('Undirviðmiðalisti (Lýsigögn)'!$E$6:$E$41,MATCH($C7,'Undirviðmiðalisti (Lýsigögn)'!$C$6:$C$41,0))),IFERROR(IF(INDEX('Undirviðmiðalisti (Lýsigögn)'!$E$42:$E$58,MATCH($C7,'Undirviðmiðalisti (Lýsigögn)'!$C$42:$C$58,0))="","",INDEX('Undirviðmiðalisti (Lýsigögn)'!$E$42:$E$58,MATCH($C7,'Undirviðmiðalisti (Lýsigögn)'!$C$42:$C$58,0))),"")))) | G7: =IFERROR(IF(B7="","",INDEX(Viðmið!$B$6:$B$10,MATCH(B7,Viðmið!$C$6:$C$10,0))),"") | H7: =IF(OR(E7="",F7=""),"",E7*KVARDI) | I7: =IF(B7="","",IF(ROUND(SUMIF($B$6:$B$205,B7,$E$6:$E$205),4)=ROUND(IFERROR(INDEX(Viðmið!$E$6:$E$10,MATCH(B7,Viðmið!$C$6:$C$10,0)),-1),4),"✓","✗")) | J7: =IF($C7="","",IF($G7="Einstaklingsbundið",IFERROR(IF(INDEX('Undirviðmiðalisti (Lýsigögn)'!F$42:F$58,MATCH($C7,'Undirviðmiðalisti (Lýsigögn)'!$C$42:$C$58,0))="","",INDEX('Undirviðmiðalisti (Lýsigögn)'!F$42:F$58,MATCH($C7,'Undirviðmiðalisti (Lýsigögn)'!$C$42:$C$58,0))),""),IFERROR(IF(INDEX('Undirviðmiðalisti (Lýsigögn)'!F$6:F$41,MATCH($C7,'Undirviðmiðalisti (Lýsigögn)'!$C$6:$C$41,0))="","",INDEX('Undirviðmiðalisti (Lýsigögn)'!F$6:F$41,MATCH($C7,'Undirviðmiðalisti (Lýsigögn)'!$C$6:$C$41,0))),IFERROR(IF(INDEX('Undirviðmiðalisti (Lýsigögn)'!F$42:F$58,MATCH($C7,'Undirviðmiðalisti (Lýsigögn)'!$C$42:$C$58,0))="","",INDEX('Undirviðmiðalisti (Lýsigögn)'!F$42:F$58,MATCH($C7,'Undirviðmiðalisti (Lýsigögn)'!$C$42:$C$58,0))),"")))) | K7: =IF($C7="","",IF($G7="Einstaklingsbundið",IFERROR(IF(INDEX('Undirviðmiðalisti (Lýsigögn)'!G$42:G$58,MATCH($C7,'Undirviðmiðalisti (Lýsigögn)'!$C$42:$C$58,0))="","",INDEX('Undirviðmiðalisti (Lýsigögn)'!G$42:G$58,MATCH($C7,'Undirviðmiðalisti (Lýsigögn)'!$C$42:$C$58,0))),""),IFERROR(IF(INDEX('Undirviðmiðalisti (Lýsigögn)'!G$6:G$41,MATCH($C7,'Undirviðmiðalisti (Lýsigögn)'!$C$6:$C$41,0))="","",INDEX('Undirviðmiðalisti (Lýsigögn)'!G$6:G$41,MATCH($C7,'Undirviðmiðalisti (Lýsigögn)'!$C$6:$C$41,0))),IFERROR(IF(INDEX('Undirviðmiðalisti (Lýsigögn)'!G$42:G$58,MATCH($C7,'Undirviðmiðalisti (Lýsigögn)'!$C$42:$C$58,0))="","",INDEX('Undirviðmiðalisti (Lýsigögn)'!G$42:G$58,MATCH($C7,'Undirviðmiðalisti (Lýsigögn)'!$C$42:$C$58,0))),"")))) | L7: =IF($C7="","",IF($G7="Einstaklingsbundið",IFERROR(IF(INDEX('Undirviðmiðalisti (Lýsigögn)'!H$42:H$58,MATCH($C7,'Undirviðmiðalisti (Lýsigögn)'!$C$42:$C$58,0))="","",INDEX('Undirviðmiðalisti (Lýsigögn)'!H$42:H$58,MATCH($C7,'Undirviðmiðalisti (Lýsigögn)'!$C$42:$C$58,0))),""),IFERROR(IF(INDEX('Undirviðmiðalisti (Lýsigögn)'!H$6:H$41,MATCH($C7,'Undirviðmiðalisti (Lýsigögn)'!$C$6:$C$41,0))="","",INDEX('Undirviðmiðalisti (Lýsigögn)'!H$6:H$41,MATCH($C7,'Undirviðmiðalisti (Lýsigögn)'!$C$6:$C$41,0))),IFERROR(IF(INDEX('Undirviðmiðalisti (Lýsigögn)'!H$42:H$58,MATCH($C7,'Undirviðmiðalisti (Lýsigögn)'!$C$42:$C$58,0))="","",INDEX('Undirviðmiðalisti (Lýsigögn)'!H$42:H$58,MATCH($C7,'Undirviðmiðalisti (Lýsigögn)'!$C$42:$C$58,0))),"")))) | M7: =IF($C7="","",IF($G7="Einstaklingsbundið",IFERROR(IF(INDEX('Undirviðmiðalisti (Lýsigögn)'!I$42:I$58,MATCH($C7,'Undirviðmiðalisti (Lýsigögn)'!$C$42:$C$58,0))="","",INDEX('Undirviðmiðalisti (Lýsigögn)'!I$42:I$58,MATCH($C7,'Undirviðmiðalisti (Lýsigögn)'!$C$42:$C$58,0))),""),IFERROR(IF(INDEX('Undirviðmiðalisti (Lýsigögn)'!I$6:I$41,MATCH($C7,'Undirviðmiðalisti (Lýsigögn)'!$C$6:$C$41,0))="","",INDEX('Undirviðmiðalisti (Lýsigögn)'!I$6:I$41,MATCH($C7,'Undirviðmiðalisti (Lýsigögn)'!$C$6:$C$41,0))),IFERROR(IF(INDEX('Undirviðmiðalisti (Lýsigögn)'!I$42:I$58,MATCH($C7,'Undirviðmiðalisti (Lýsigögn)'!$C$42:$C$58,0))="","",INDEX('Undirviðmiðalisti (Lýsigögn)'!I$42:I$58,MATCH($C7,'Undirviðmiðalisti (Lýsigögn)'!$C$42:$C$58,0))),"")))) | N7: =IF($C7="","",IF($G7="Einstaklingsbundið",IFERROR(IF(INDEX('Undirviðmiðalisti (Lýsigögn)'!J$42:J$58,MATCH($C7,'Undirviðmiðalisti (Lýsigögn)'!$C$42:$C$58,0))="","",INDEX('Undirviðmiðalisti (Lýsigögn)'!J$42:J$58,MATCH($C7,'Undirviðmiðalisti (Lýsigögn)'!$C$42:$C$58,0))),""),IFERROR(IF(INDEX('Undirviðmiðalisti (Lýsigögn)'!J$6:J$41,MATCH($C7,'Undirviðmiðalisti (Lýsigögn)'!$C$6:$C$41,0))="","",INDEX('Undirviðmiðalisti (Lýsigögn)'!J$6:J$41,MATCH($C7,'Undirviðmiðalisti (Lýsigögn)'!$C$6:$C$41,0))),IFERROR(IF(INDEX('Undirviðmiðalisti (Lýsigögn)'!J$42:J$58,MATCH($C7,'Undirviðmiðalisti (Lýsigögn)'!$C$42:$C$58,0))="","",INDEX('Undirviðmiðalisti (Lýsigögn)'!J$42:J$58,MATCH($C7,'Undirviðmiðalisti (Lýsigögn)'!$C$42:$C$58,0))),"")))) | O7: =IF($C7="","",IF($G7="Einstaklingsbundið",IFERROR(IF(INDEX('Undirviðmiðalisti (Lýsigögn)'!K$42:K$58,MATCH($C7,'Undirviðmiðalisti (Lýsigögn)'!$C$42:$C$58,0))="","",INDEX('Undirviðmiðalisti (Lýsigögn)'!K$42:K$58,MATCH($C7,'Undirviðmiðalisti (Lýsigögn)'!$C$42:$C$58,0))),""),IFERROR(IF(INDEX('Undirviðmiðalisti (Lýsigögn)'!K$6:K$41,MATCH($C7,'Undirviðmiðalisti (Lýsigögn)'!$C$6:$C$41,0))="","",INDEX('Undirviðmiðalisti (Lýsigögn)'!K$6:K$41,MATCH($C7,'Undirviðmiðalisti (Lýsigögn)'!$C$6:$C$41,0))),IFERROR(IF(INDEX('Undirviðmiðalisti (Lýsigögn)'!K$42:K$58,MATCH($C7,'Undirviðmiðalisti (Lýsigögn)'!$C$42:$C$58,0))="","",INDEX('Undirviðmiðalisti (Lýsigögn)'!K$42:K$58,MATCH($C7,'Undirviðmiðalisti (Lýsigögn)'!$C$42:$C$58,0))),"")))) | P7: =IF($C7="","",IF($G7="Einstaklingsbundið",IFERROR(IF(INDEX('Undirviðmiðalisti (Lýsigögn)'!L$42:L$58,MATCH($C7,'Undirviðmiðalisti (Lýsigögn)'!$C$42:$C$58,0))="","",INDEX('Undirviðmiðalisti (Lýsigögn)'!L$42:L$58,MATCH($C7,'Undirviðmiðalisti (Lýsigögn)'!$C$42:$C$58,0))),""),IFERROR(IF(INDEX('Undirviðmiðalisti (Lýsigögn)'!L$6:L$41,MATCH($C7,'Undirviðmiðalisti (Lýsigögn)'!$C$6:$C$41,0))="","",INDEX('Undirviðmiðalisti (Lýsigögn)'!L$6:L$41,MATCH($C7,'Undirviðmiðalisti (Lýsigögn)'!$C$6:$C$41,0))),IFERROR(IF(INDEX('Undirviðmiðalisti (Lýsigögn)'!L$42:L$58,MATCH($C7,'Undirviðmiðalisti (Lýsigögn)'!$C$42:$C$58,0))="","",INDEX('Undirviðmiðalisti (Lýsigögn)'!L$42:L$58,MATCH($C7,'Undirviðmiðalisti (Lýsigögn)'!$C$42:$C$58,0))),"")))) | Q7: =IF($C7="","",IF($G7="Einstaklingsbundið",IFERROR(IF(INDEX('Undirviðmiðalisti (Lýsigögn)'!M$42:M$58,MATCH($C7,'Undirviðmiðalisti (Lýsigögn)'!$C$42:$C$58,0))="","",INDEX('Undirviðmiðalisti (Lýsigögn)'!M$42:M$58,MATCH($C7,'Undirviðmiðalisti (Lýsigögn)'!$C$42:$C$58,0))),""),IFERROR(IF(INDEX('Undirviðmiðalisti (Lýsigögn)'!M$6:M$41,MATCH($C7,'Undirviðmiðalisti (Lýsigögn)'!$C$6:$C$41,0))="","",INDEX('Undirviðmiðalisti (Lýsigögn)'!M$6:M$41,MATCH($C7,'Undirviðmiðalisti (Lýsigögn)'!$C$6:$C$41,0))),IFERROR(IF(INDEX('Undirviðmiðalisti (Lýsigögn)'!M$42:M$58,MATCH($C7,'Undirviðmiðalisti (Lýsigögn)'!$C$42:$C$58,0))="","",INDEX('Undirviðmiðalisti (Lýsigögn)'!M$42:M$58,MATCH($C7,'Undirviðmiðalisti (Lýsigögn)'!$C$42:$C$58,0))),""))))
A8: =IF($B8="","",ROW()-5) | D8: =IF($C8="","",IF($G8="Einstaklingsbundið",IFERROR(IF(INDEX('Undirviðmiðalisti (Lýsigögn)'!$D$42:$D$58,MATCH($C8,'Undirviðmiðalisti (Lýsigögn)'!$C$42:$C$58,0))="","",INDEX('Undirviðmiðalisti (Lýsigögn)'!$D$42:$D$58,MATCH($C8,'Undirviðmiðalisti (Lýsigögn)'!$C$42:$C$58,0))),""),IFERROR(IF(INDEX('Undirviðmiðalisti (Lýsigögn)'!$D$6:$D$41,MATCH($C8,'Undirviðmiðalisti (Lýsigögn)'!$C$6:$C$41,0))="","",INDEX('Undirviðmiðalisti (Lýsigögn)'!$D$6:$D$41,MATCH($C8,'Undirviðmiðalisti (Lýsigögn)'!$C$6:$C$41,0))),IFERROR(IF(INDEX('Undirviðmiðalisti (Lýsigögn)'!$D$42:$D$58,MATCH($C8,'Undirviðmiðalisti (Lýsigögn)'!$C$42:$C$58,0))="","",INDEX('Undirviðmiðalisti (Lýsigögn)'!$D$42:$D$58,MATCH($C8,'Undirviðmiðalisti (Lýsigögn)'!$C$42:$C$58,0))),"")))) | F8: =IF($C8="","",IF($G8="Einstaklingsbundið",IFERROR(IF(INDEX('Undirviðmiðalisti (Lýsigögn)'!$E$42:$E$58,MATCH($C8,'Undirviðmiðalisti (Lýsigögn)'!$C$42:$C$58,0))="","",INDEX('Undirviðmiðalisti (Lýsigögn)'!$E$42:$E$58,MATCH($C8,'Undirviðmiðalisti (Lýsigögn)'!$C$42:$C$58,0))),""),IFERROR(IF(INDEX('Undirviðmiðalisti (Lýsigögn)'!$E$6:$E$41,MATCH($C8,'Undirviðmiðalisti (Lýsigögn)'!$C$6:$C$41,0))="","",INDEX('Undirviðmiðalisti (Lýsigögn)'!$E$6:$E$41,MATCH($C8,'Undirviðmiðalisti (Lýsigögn)'!$C$6:$C$41,0))),IFERROR(IF(INDEX('Undirviðmiðalisti (Lýsigögn)'!$E$42:$E$58,MATCH($C8,'Undirviðmiðalisti (Lýsigögn)'!$C$42:$C$58,0))="","",INDEX('Undirviðmiðalisti (Lýsigögn)'!$E$42:$E$58,MATCH($C8,'Undirviðmiðalisti (Lýsigögn)'!$C$42:$C$58,0))),"")))) | G8: =IFERROR(IF(B8="","",INDEX(Viðmið!$B$6:$B$10,MATCH(B8,Viðmið!$C$6:$C$10,0))),"") | H8: =IF(OR(E8="",F8=""),"",E8*KVARDI) | I8: =IF(B8="","",IF(ROUND(SUMIF($B$6:$B$205,B8,$E$6:$E$205),4)=ROUND(IFERROR(INDEX(Viðmið!$E$6:$E$10,MATCH(B8,Viðmið!$C$6:$C$10,0)),-1),4),"✓","✗")) | J8: =IF($C8="","",IF($G8="Einstaklingsbundið",IFERROR(IF(INDEX('Undirviðmiðalisti (Lýsigögn)'!F$42:F$58,MATCH($C8,'Undirviðmiðalisti (Lýsigögn)'!$C$42:$C$58,0))="","",INDEX('Undirviðmiðalisti (Lýsigögn)'!F$42:F$58,MATCH($C8,'Undirviðmiðalisti (Lýsigögn)'!$C$42:$C$58,0))),""),IFERROR(IF(INDEX('Undirviðmiðalisti (Lýsigögn)'!F$6:F$41,MATCH($C8,'Undirviðmiðalisti (Lýsigögn)'!$C$6:$C$41,0))="","",INDEX('Undirviðmiðalisti (Lýsigögn)'!F$6:F$41,MATCH($C8,'Undirviðmiðalisti (Lýsigögn)'!$C$6:$C$41,0))),IFERROR(IF(INDEX('Undirviðmiðalisti (Lýsigögn)'!F$42:F$58,MATCH($C8,'Undirviðmiðalisti (Lýsigögn)'!$C$42:$C$58,0))="","",INDEX('Undirviðmiðalisti (Lýsigögn)'!F$42:F$58,MATCH($C8,'Undirviðmiðalisti (Lýsigögn)'!$C$42:$C$58,0))),"")))) | K8: =IF($C8="","",IF($G8="Einstaklingsbundið",IFERROR(IF(INDEX('Undirviðmiðalisti (Lýsigögn)'!G$42:G$58,MATCH($C8,'Undirviðmiðalisti (Lýsigögn)'!$C$42:$C$58,0))="","",INDEX('Undirviðmiðalisti (Lýsigögn)'!G$42:G$58,MATCH($C8,'Undirviðmiðalisti (Lýsigögn)'!$C$42:$C$58,0))),""),IFERROR(IF(INDEX('Undirviðmiðalisti (Lýsigögn)'!G$6:G$41,MATCH($C8,'Undirviðmiðalisti (Lýsigögn)'!$C$6:$C$41,0))="","",INDEX('Undirviðmiðalisti (Lýsigögn)'!G$6:G$41,MATCH($C8,'Undirviðmiðalisti (Lýsigögn)'!$C$6:$C$41,0))),IFERROR(IF(INDEX('Undirviðmiðalisti (Lýsigögn)'!G$42:G$58,MATCH($C8,'Undirviðmiðalisti (Lýsigögn)'!$C$42:$C$58,0))="","",INDEX('Undirviðmiðalisti (Lýsigögn)'!G$42:G$58,MATCH($C8,'Undirviðmiðalisti (Lýsigögn)'!$C$42:$C$58,0))),"")))) | L8: =IF($C8="","",IF($G8="Einstaklingsbundið",IFERROR(IF(INDEX('Undirviðmiðalisti (Lýsigögn)'!H$42:H$58,MATCH($C8,'Undirviðmiðalisti (Lýsigögn)'!$C$42:$C$58,0))="","",INDEX('Undirviðmiðalisti (Lýsigögn)'!H$42:H$58,MATCH($C8,'Undirviðmiðalisti (Lýsigögn)'!$C$42:$C$58,0))),""),IFERROR(IF(INDEX('Undirviðmiðalisti (Lýsigögn)'!H$6:H$41,MATCH($C8,'Undirviðmiðalisti (Lýsigögn)'!$C$6:$C$41,0))="","",INDEX('Undirviðmiðalisti (Lýsigögn)'!H$6:H$41,MATCH($C8,'Undirviðmiðalisti (Lýsigögn)'!$C$6:$C$41,0))),IFERROR(IF(INDEX('Undirviðmiðalisti (Lýsigögn)'!H$42:H$58,MATCH($C8,'Undirviðmiðalisti (Lýsigögn)'!$C$42:$C$58,0))="","",INDEX('Undirviðmiðalisti (Lýsigögn)'!H$42:H$58,MATCH($C8,'Undirviðmiðalisti (Lýsigögn)'!$C$42:$C$58,0))),"")))) | M8: =IF($C8="","",IF($G8="Einstaklingsbundið",IFERROR(IF(INDEX('Undirviðmiðalisti (Lýsigögn)'!I$42:I$58,MATCH($C8,'Undirviðmiðalisti (Lýsigögn)'!$C$42:$C$58,0))="","",INDEX('Undirviðmiðalisti (Lýsigögn)'!I$42:I$58,MATCH($C8,'Undirviðmiðalisti (Lýsigögn)'!$C$42:$C$58,0))),""),IFERROR(IF(INDEX('Undirviðmiðalisti (Lýsigögn)'!I$6:I$41,MATCH($C8,'Undirviðmiðalisti (Lýsigögn)'!$C$6:$C$41,0))="","",INDEX('Undirviðmiðalisti (Lýsigögn)'!I$6:I$41,MATCH($C8,'Undirviðmiðalisti (Lýsigögn)'!$C$6:$C$41,0))),IFERROR(IF(INDEX('Undirviðmiðalisti (Lýsigögn)'!I$42:I$58,MATCH($C8,'Undirviðmiðalisti (Lýsigögn)'!$C$42:$C$58,0))="","",INDEX('Undirviðmiðalisti (Lýsigögn)'!I$42:I$58,MATCH($C8,'Undirviðmiðalisti (Lýsigögn)'!$C$42:$C$58,0))),"")))) | N8: =IF($C8="","",IF($G8="Einstaklingsbundið",IFERROR(IF(INDEX('Undirviðmiðalisti (Lýsigögn)'!J$42:J$58,MATCH($C8,'Undirviðmiðalisti (Lýsigögn)'!$C$42:$C$58,0))="","",INDEX('Undirviðmiðalisti (Lýsigögn)'!J$42:J$58,MATCH($C8,'Undirviðmiðalisti (Lýsigögn)'!$C$42:$C$58,0))),""),IFERROR(IF(INDEX('Undirviðmiðalisti (Lýsigögn)'!J$6:J$41,MATCH($C8,'Undirviðmiðalisti (Lýsigögn)'!$C$6:$C$41,0))="","",INDEX('Undirviðmiðalisti (Lýsigögn)'!J$6:J$41,MATCH($C8,'Undirviðmiðalisti (Lýsigögn)'!$C$6:$C$41,0))),IFERROR(IF(INDEX('Undirviðmiðalisti (Lýsigögn)'!J$42:J$58,MATCH($C8,'Undirviðmiðalisti (Lýsigögn)'!$C$42:$C$58,0))="","",INDEX('Undirviðmiðalisti (Lýsigögn)'!J$42:J$58,MATCH($C8,'Undirviðmiðalisti (Lýsigögn)'!$C$42:$C$58,0))),"")))) | O8: =IF($C8="","",IF($G8="Einstaklingsbundið",IFERROR(IF(INDEX('Undirviðmiðalisti (Lýsigögn)'!K$42:K$58,MATCH($C8,'Undirviðmiðalisti (Lýsigögn)'!$C$42:$C$58,0))="","",INDEX('Undirviðmiðalisti (Lýsigögn)'!K$42:K$58,MATCH($C8,'Undirviðmiðalisti (Lýsigögn)'!$C$42:$C$58,0))),""),IFERROR(IF(INDEX('Undirviðmiðalisti (Lýsigögn)'!K$6:K$41,MATCH($C8,'Undirviðmiðalisti (Lýsigögn)'!$C$6:$C$41,0))="","",INDEX('Undirviðmiðalisti (Lýsigögn)'!K$6:K$41,MATCH($C8,'Undirviðmiðalisti (Lýsigögn)'!$C$6:$C$41,0))),IFERROR(IF(INDEX('Undirviðmiðalisti (Lýsigögn)'!K$42:K$58,MATCH($C8,'Undirviðmiðalisti (Lýsigögn)'!$C$42:$C$58,0))="","",INDEX('Undirviðmiðalisti (Lýsigögn)'!K$42:K$58,MATCH($C8,'Undirviðmiðalisti (Lýsigögn)'!$C$42:$C$58,0))),"")))) | P8: =IF($C8="","",IF($G8="Einstaklingsbundið",IFERROR(IF(INDEX('Undirviðmiðalisti (Lýsigögn)'!L$42:L$58,MATCH($C8,'Undirviðmiðalisti (Lýsigögn)'!$C$42:$C$58,0))="","",INDEX('Undirviðmiðalisti (Lýsigögn)'!L$42:L$58,MATCH($C8,'Undirviðmiðalisti (Lýsigögn)'!$C$42:$C$58,0))),""),IFERROR(IF(INDEX('Undirviðmiðalisti (Lýsigögn)'!L$6:L$41,MATCH($C8,'Undirviðmiðalisti (Lýsigögn)'!$C$6:$C$41,0))="","",INDEX('Undirviðmiðalisti (Lýsigögn)'!L$6:L$41,MATCH($C8,'Undirviðmiðalisti (Lýsigögn)'!$C$6:$C$41,0))),IFERROR(IF(INDEX('Undirviðmiðalisti (Lýsigögn)'!L$42:L$58,MATCH($C8,'Undirviðmiðalisti (Lýsigögn)'!$C$42:$C$58,0))="","",INDEX('Undirviðmiðalisti (Lýsigögn)'!L$42:L$58,MATCH($C8,'Undirviðmiðalisti (Lýsigögn)'!$C$42:$C$58,0))),"")))) | Q8: =IF($C8="","",IF($G8="Einstaklingsbundið",IFERROR(IF(INDEX('Undirviðmiðalisti (Lýsigögn)'!M$42:M$58,MATCH($C8,'Undirviðmiðalisti (Lýsigögn)'!$C$42:$C$58,0))="","",INDEX('Undirviðmiðalisti (Lýsigögn)'!M$42:M$58,MATCH($C8,'Undirviðmiðalisti (Lýsigögn)'!$C$42:$C$58,0))),""),IFERROR(IF(INDEX('Undirviðmiðalisti (Lýsigögn)'!M$6:M$41,MATCH($C8,'Undirviðmiðalisti (Lýsigögn)'!$C$6:$C$41,0))="","",INDEX('Undirviðmiðalisti (Lýsigögn)'!M$6:M$41,MATCH($C8,'Undirviðmiðalisti (Lýsigögn)'!$C$6:$C$41,0))),IFERROR(IF(INDEX('Undirviðmiðalisti (Lýsigögn)'!M$42:M$58,MATCH($C8,'Undirviðmiðalisti (Lýsigögn)'!$C$42:$C$58,0))="","",INDEX('Undirviðmiðalisti (Lýsigögn)'!M$42:M$58,MATCH($C8,'Undirviðmiðalisti (Lýsigögn)'!$C$42:$C$58,0))),""))))
A9: =IF($B9="","",ROW()-5) | D9: =IF($C9="","",IF($G9="Einstaklingsbundið",IFERROR(IF(INDEX('Undirviðmiðalisti (Lýsigögn)'!$D$42:$D$58,MATCH($C9,'Undirviðmiðalisti (Lýsigögn)'!$C$42:$C$58,0))="","",INDEX('Undirviðmiðalisti (Lýsigögn)'!$D$42:$D$58,MATCH($C9,'Undirviðmiðalisti (Lýsigögn)'!$C$42:$C$58,0))),""),IFERROR(IF(INDEX('Undirviðmiðalisti (Lýsigögn)'!$D$6:$D$41,MATCH($C9,'Undirviðmiðalisti (Lýsigögn)'!$C$6:$C$41,0))="","",INDEX('Undirviðmiðalisti (Lýsigögn)'!$D$6:$D$41,MATCH($C9,'Undirviðmiðalisti (Lýsigögn)'!$C$6:$C$41,0))),IFERROR(IF(INDEX('Undirviðmiðalisti (Lýsigögn)'!$D$42:$D$58,MATCH($C9,'Undirviðmiðalisti (Lýsigögn)'!$C$42:$C$58,0))="","",INDEX('Undirviðmiðalisti (Lýsigögn)'!$D$42:$D$58,MATCH($C9,'Undirviðmiðalisti (Lýsigögn)'!$C$42:$C$58,0))),"")))) | F9: =IF($C9="","",IF($G9="Einstaklingsbundið",IFERROR(IF(INDEX('Undirviðmiðalisti (Lýsigögn)'!$E$42:$E$58,MATCH($C9,'Undirviðmiðalisti (Lýsigögn)'!$C$42:$C$58,0))="","",INDEX('Undirviðmiðalisti (Lýsigögn)'!$E$42:$E$58,MATCH($C9,'Undirviðmiðalisti (Lýsigögn)'!$C$42:$C$58,0))),""),IFERROR(IF(INDEX('Undirviðmiðalisti (Lýsigögn)'!$E$6:$E$41,MATCH($C9,'Undirviðmiðalisti (Lýsigögn)'!$C$6:$C$41,0))="","",INDEX('Undirviðmiðalisti (Lýsigögn)'!$E$6:$E$41,MATCH($C9,'Undirviðmiðalisti (Lýsigögn)'!$C$6:$C$41,0))),IFERROR(IF(INDEX('Undirviðmiðalisti (Lýsigögn)'!$E$42:$E$58,MATCH($C9,'Undirviðmiðalisti (Lýsigögn)'!$C$42:$C$58,0))="","",INDEX('Undirviðmiðalisti (Lýsigögn)'!$E$42:$E$58,MATCH($C9,'Undirviðmiðalisti (Lýsigögn)'!$C$42:$C$58,0))),"")))) | G9: =IFERROR(IF(B9="","",INDEX(Viðmið!$B$6:$B$10,MATCH(B9,Viðmið!$C$6:$C$10,0))),"") | H9: =IF(OR(E9="",F9=""),"",E9*KVARDI) | I9: =IF(B9="","",IF(ROUND(SUMIF($B$6:$B$205,B9,$E$6:$E$205),4)=ROUND(IFERROR(INDEX(Viðmið!$E$6:$E$10,MATCH(B9,Viðmið!$C$6:$C$10,0)),-1),4),"✓","✗")) | J9: =IF($C9="","",IF($G9="Einstaklingsbundið",IFERROR(IF(INDEX('Undirviðmiðalisti (Lýsigögn)'!F$42:F$58,MATCH($C9,'Undirviðmiðalisti (Lýsigögn)'!$C$42:$C$58,0))="","",INDEX('Undirviðmiðalisti (Lýsigögn)'!F$42:F$58,MATCH($C9,'Undirviðmiðalisti (Lýsigögn)'!$C$42:$C$58,0))),""),IFERROR(IF(INDEX('Undirviðmiðalisti (Lýsigögn)'!F$6:F$41,MATCH($C9,'Undirviðmiðalisti (Lýsigögn)'!$C$6:$C$41,0))="","",INDEX('Undirviðmiðalisti (Lýsigögn)'!F$6:F$41,MATCH($C9,'Undirviðmiðalisti (Lýsigögn)'!$C$6:$C$41,0))),IFERROR(IF(INDEX('Undirviðmiðalisti (Lýsigögn)'!F$42:F$58,MATCH($C9,'Undirviðmiðalisti (Lýsigögn)'!$C$42:$C$58,0))="","",INDEX('Undirviðmiðalisti (Lýsigögn)'!F$42:F$58,MATCH($C9,'Undirviðmiðalisti (Lýsigögn)'!$C$42:$C$58,0))),"")))) | K9: =IF($C9="","",IF($G9="Einstaklingsbundið",IFERROR(IF(INDEX('Undirviðmiðalisti (Lýsigögn)'!G$42:G$58,MATCH($C9,'Undirviðmiðalisti (Lýsigögn)'!$C$42:$C$58,0))="","",INDEX('Undirviðmiðalisti (Lýsigögn)'!G$42:G$58,MATCH($C9,'Undirviðmiðalisti (Lýsigögn)'!$C$42:$C$58,0))),""),IFERROR(IF(INDEX('Undirviðmiðalisti (Lýsigögn)'!G$6:G$41,MATCH($C9,'Undirviðmiðalisti (Lýsigögn)'!$C$6:$C$41,0))="","",INDEX('Undirviðmiðalisti (Lýsigögn)'!G$6:G$41,MATCH($C9,'Undirviðmiðalisti (Lýsigögn)'!$C$6:$C$41,0))),IFERROR(IF(INDEX('Undirviðmiðalisti (Lýsigögn)'!G$42:G$58,MATCH($C9,'Undirviðmiðalisti (Lýsigögn)'!$C$42:$C$58,0))="","",INDEX('Undirviðmiðalisti (Lýsigögn)'!G$42:G$58,MATCH($C9,'Undirviðmiðalisti (Lýsigögn)'!$C$42:$C$58,0))),"")))) | L9: =IF($C9="","",IF($G9="Einstaklingsbundið",IFERROR(IF(INDEX('Undirviðmiðalisti (Lýsigögn)'!H$42:H$58,MATCH($C9,'Undirviðmiðalisti (Lýsigögn)'!$C$42:$C$58,0))="","",INDEX('Undirviðmiðalisti (Lýsigögn)'!H$42:H$58,MATCH($C9,'Undirviðmiðalisti (Lýsigögn)'!$C$42:$C$58,0))),""),IFERROR(IF(INDEX('Undirviðmiðalisti (Lýsigögn)'!H$6:H$41,MATCH($C9,'Undirviðmiðalisti (Lýsigögn)'!$C$6:$C$41,0))="","",INDEX('Undirviðmiðalisti (Lýsigögn)'!H$6:H$41,MATCH($C9,'Undirviðmiðalisti (Lýsigögn)'!$C$6:$C$41,0))),IFERROR(IF(INDEX('Undirviðmiðalisti (Lýsigögn)'!H$42:H$58,MATCH($C9,'Undirviðmiðalisti (Lýsigögn)'!$C$42:$C$58,0))="","",INDEX('Undirviðmiðalisti (Lýsigögn)'!H$42:H$58,MATCH($C9,'Undirviðmiðalisti (Lýsigögn)'!$C$42:$C$58,0))),"")))) | M9: =IF($C9="","",IF($G9="Einstaklingsbundið",IFERROR(IF(INDEX('Undirviðmiðalisti (Lýsigögn)'!I$42:I$58,MATCH($C9,'Undirviðmiðalisti (Lýsigögn)'!$C$42:$C$58,0))="","",INDEX('Undirviðmiðalisti (Lýsigögn)'!I$42:I$58,MATCH($C9,'Undirviðmiðalisti (Lýsigögn)'!$C$42:$C$58,0))),""),IFERROR(IF(INDEX('Undirviðmiðalisti (Lýsigögn)'!I$6:I$41,MATCH($C9,'Undirviðmiðalisti (Lýsigögn)'!$C$6:$C$41,0))="","",INDEX('Undirviðmiðalisti (Lýsigögn)'!I$6:I$41,MATCH($C9,'Undirviðmiðalisti (Lýsigögn)'!$C$6:$C$41,0))),IFERROR(IF(INDEX('Undirviðmiðalisti (Lýsigögn)'!I$42:I$58,MATCH($C9,'Undirviðmiðalisti (Lýsigögn)'!$C$42:$C$58,0))="","",INDEX('Undirviðmiðalisti (Lýsigögn)'!I$42:I$58,MATCH($C9,'Undirviðmiðalisti (Lýsigögn)'!$C$42:$C$58,0))),"")))) | N9: =IF($C9="","",IF($G9="Einstaklingsbundið",IFERROR(IF(INDEX('Undirviðmiðalisti (Lýsigögn)'!J$42:J$58,MATCH($C9,'Undirviðmiðalisti (Lýsigögn)'!$C$42:$C$58,0))="","",INDEX('Undirviðmiðalisti (Lýsigögn)'!J$42:J$58,MATCH($C9,'Undirviðmiðalisti (Lýsigögn)'!$C$42:$C$58,0))),""),IFERROR(IF(INDEX('Undirviðmiðalisti (Lýsigögn)'!J$6:J$41,MATCH($C9,'Undirviðmiðalisti (Lýsigögn)'!$C$6:$C$41,0))="","",INDEX('Undirviðmiðalisti (Lýsigögn)'!J$6:J$41,MATCH($C9,'Undirviðmiðalisti (Lýsigögn)'!$C$6:$C$41,0))),IFERROR(IF(INDEX('Undirviðmiðalisti (Lýsigögn)'!J$42:J$58,MATCH($C9,'Undirviðmiðalisti (Lýsigögn)'!$C$42:$C$58,0))="","",INDEX('Undirviðmiðalisti (Lýsigögn)'!J$42:J$58,MATCH($C9,'Undirviðmiðalisti (Lýsigögn)'!$C$42:$C$58,0))),"")))) | O9: =IF($C9="","",IF($G9="Einstaklingsbundið",IFERROR(IF(INDEX('Undirviðmiðalisti (Lýsigögn)'!K$42:K$58,MATCH($C9,'Undirviðmiðalisti (Lýsigögn)'!$C$42:$C$58,0))="","",INDEX('Undirviðmiðalisti (Lýsigögn)'!K$42:K$58,MATCH($C9,'Undirviðmiðalisti (Lýsigögn)'!$C$42:$C$58,0))),""),IFERROR(IF(INDEX('Undirviðmiðalisti (Lýsigögn)'!K$6:K$41,MATCH($C9,'Undirviðmiðalisti (Lýsigögn)'!$C$6:$C$41,0))="","",INDEX('Undirviðmiðalisti (Lýsigögn)'!K$6:K$41,MATCH($C9,'Undirviðmiðalisti (Lýsigögn)'!$C$6:$C$41,0))),IFERROR(IF(INDEX('Undirviðmiðalisti (Lýsigögn)'!K$42:K$58,MATCH($C9,'Undirviðmiðalisti (Lýsigögn)'!$C$42:$C$58,0))="","",INDEX('Undirviðmiðalisti (Lýsigögn)'!K$42:K$58,MATCH($C9,'Undirviðmiðalisti (Lýsigögn)'!$C$42:$C$58,0))),"")))) | P9: =IF($C9="","",IF($G9="Einstaklingsbundið",IFERROR(IF(INDEX('Undirviðmiðalisti (Lýsigögn)'!L$42:L$58,MATCH($C9,'Undirviðmiðalisti (Lýsigögn)'!$C$42:$C$58,0))="","",INDEX('Undirviðmiðalisti (Lýsigögn)'!L$42:L$58,MATCH($C9,'Undirviðmiðalisti (Lýsigögn)'!$C$42:$C$58,0))),""),IFERROR(IF(INDEX('Undirviðmiðalisti (Lýsigögn)'!L$6:L$41,MATCH($C9,'Undirviðmiðalisti (Lýsigögn)'!$C$6:$C$41,0))="","",INDEX('Undirviðmiðalisti (Lýsigögn)'!L$6:L$41,MATCH($C9,'Undirviðmiðalisti (Lýsigögn)'!$C$6:$C$41,0))),IFERROR(IF(INDEX('Undirviðmiðalisti (Lýsigögn)'!L$42:L$58,MATCH($C9,'Undirviðmiðalisti (Lýsigögn)'!$C$42:$C$58,0))="","",INDEX('Undirviðmiðalisti (Lýsigögn)'!L$42:L$58,MATCH($C9,'Undirviðmiðalisti (Lýsigögn)'!$C$42:$C$58,0))),"")))) | Q9: =IF($C9="","",IF($G9="Einstaklingsbundið",IFERROR(IF(INDEX('Undirviðmiðalisti (Lýsigögn)'!M$42:M$58,MATCH($C9,'Undirviðmiðalisti (Lýsigögn)'!$C$42:$C$58,0))="","",INDEX('Undirviðmiðalisti (Lýsigögn)'!M$42:M$58,MATCH($C9,'Undirviðmiðalisti (Lýsigögn)'!$C$42:$C$58,0))),""),IFERROR(IF(INDEX('Undirviðmiðalisti (Lýsigögn)'!M$6:M$41,MATCH($C9,'Undirviðmiðalisti (Lýsigögn)'!$C$6:$C$41,0))="","",INDEX('Undirviðmiðalisti (Lýsigögn)'!M$6:M$41,MATCH($C9,'Undirviðmiðalisti (Lýsigögn)'!$C$6:$C$41,0))),IFERROR(IF(INDEX('Undirviðmiðalisti (Lýsigögn)'!M$42:M$58,MATCH($C9,'Undirviðmiðalisti (Lýsigögn)'!$C$42:$C$58,0))="","",INDEX('Undirviðmiðalisti (Lýsigögn)'!M$42:M$58,MATCH($C9,'Undirviðmiðalisti (Lýsigögn)'!$C$42:$C$58,0))),""))))
A10: =IF($B10="","",ROW()-5) | D10: =IF($C10="","",IF($G10="Einstaklingsbundið",IFERROR(IF(INDEX('Undirviðmiðalisti (Lýsigögn)'!$D$42:$D$58,MATCH($C10,'Undirviðmiðalisti (Lýsigögn)'!$C$42:$C$58,0))="","",INDEX('Undirviðmiðalisti (Lýsigögn)'!$D$42:$D$58,MATCH($C10,'Undirviðmiðalisti (Lýsigögn)'!$C$42:$C$58,0))),""),IFERROR(IF(INDEX('Undirviðmiðalisti (Lýsigögn)'!$D$6:$D$41,MATCH($C10,'Undirviðmiðalisti (Lýsigögn)'!$C$6:$C$41,0))="","",INDEX('Undirviðmiðalisti (Lýsigögn)'!$D$6:$D$41,MATCH($C10,'Undirviðmiðalisti (Lýsigögn)'!$C$6:$C$41,0))),IFERROR(IF(INDEX('Undirviðmiðalisti (Lýsigögn)'!$D$42:$D$58,MATCH($C10,'Undirviðmiðalisti (Lýsigögn)'!$C$42:$C$58,0))="","",INDEX('Undirviðmiðalisti (Lýsigögn)'!$D$42:$D$58,MATCH($C10,'Undirviðmiðalisti (Lýsigögn)'!$C$42:$C$58,0))),"")))) | F10: =IF($C10="","",IF($G10="Einstaklingsbundið",IFERROR(IF(INDEX('Undirviðmiðalisti (Lýsigögn)'!$E$42:$E$58,MATCH($C10,'Undirviðmiðalisti (Lýsigögn)'!$C$42:$C$58,0))="","",INDEX('Undirviðmiðalisti (Lýsigögn)'!$E$42:$E$58,MATCH($C10,'Undirviðmiðalisti (Lýsigögn)'!$C$42:$C$58,0))),""),IFERROR(IF(INDEX('Undirviðmiðalisti (Lýsigögn)'!$E$6:$E$41,MATCH($C10,'Undirviðmiðalisti (Lýsigögn)'!$C$6:$C$41,0))="","",INDEX('Undirviðmiðalisti (Lýsigögn)'!$E$6:$E$41,MATCH($C10,'Undirviðmiðalisti (Lýsigögn)'!$C$6:$C$41,0))),IFERROR(IF(INDEX('Undirviðmiðalisti (Lýsigögn)'!$E$42:$E$58,MATCH($C10,'Undirviðmiðalisti (Lýsigögn)'!$C$42:$C$58,0))="","",INDEX('Undirviðmiðalisti (Lýsigögn)'!$E$42:$E$58,MATCH($C10,'Undirviðmiðalisti (Lýsigögn)'!$C$42:$C$58,0))),"")))) | G10: =IFERROR(IF(B10="","",INDEX(Viðmið!$B$6:$B$10,MATCH(B10,Viðmið!$C$6:$C$10,0))),"") | H10: =IF(OR(E10="",F10=""),"",E10*KVARDI) | I10: =IF(B10="","",IF(ROUND(SUMIF($B$6:$B$205,B10,$E$6:$E$205),4)=ROUND(IFERROR(INDEX(Viðmið!$E$6:$E$10,MATCH(B10,Viðmið!$C$6:$C$10,0)),-1),4),"✓","✗")) | J10: =IF($C10="","",IF($G10="Einstaklingsbundið",IFERROR(IF(INDEX('Undirviðmiðalisti (Lýsigögn)'!F$42:F$58,MATCH($C10,'Undirviðmiðalisti (Lýsigögn)'!$C$42:$C$58,0))="","",INDEX('Undirviðmiðalisti (Lýsigögn)'!F$42:F$58,MATCH($C10,'Undirviðmiðalisti (Lýsigögn)'!$C$42:$C$58,0))),""),IFERROR(IF(INDEX('Undirviðmiðalisti (Lýsigögn)'!F$6:F$41,MATCH($C10,'Undirviðmiðalisti (Lýsigögn)'!$C$6:$C$41,0))="","",INDEX('Undirviðmiðalisti (Lýsigögn)'!F$6:F$41,MATCH($C10,'Undirviðmiðalisti (Lýsigögn)'!$C$6:$C$41,0))),IFERROR(IF(INDEX('Undirviðmiðalisti (Lýsigögn)'!F$42:F$58,MATCH($C10,'Undirviðmiðalisti (Lýsigögn)'!$C$42:$C$58,0))="","",INDEX('Undirviðmiðalisti (Lýsigögn)'!F$42:F$58,MATCH($C10,'Undirviðmiðalisti (Lýsigögn)'!$C$42:$C$58,0))),"")))) | K10: =IF($C10="","",IF($G10="Einstaklingsbundið",IFERROR(IF(INDEX('Undirviðmiðalisti (Lýsigögn)'!G$42:G$58,MATCH($C10,'Undirviðmiðalisti (Lýsigögn)'!$C$42:$C$58,0))="","",INDEX('Undirviðmiðalisti (Lýsigögn)'!G$42:G$58,MATCH($C10,'Undirviðmiðalisti (Lýsigögn)'!$C$42:$C$58,0))),""),IFERROR(IF(INDEX('Undirviðmiðalisti (Lýsigögn)'!G$6:G$41,MATCH($C10,'Undirviðmiðalisti (Lýsigögn)'!$C$6:$C$41,0))="","",INDEX('Undirviðmiðalisti (Lýsigögn)'!G$6:G$41,MATCH($C10,'Undirviðmiðalisti (Lýsigögn)'!$C$6:$C$41,0))),IFERROR(IF(INDEX('Undirviðmiðalisti (Lýsigögn)'!G$42:G$58,MATCH($C10,'Undirviðmiðalisti (Lýsigögn)'!$C$42:$C$58,0))="","",INDEX('Undirviðmiðalisti (Lýsigögn)'!G$42:G$58,MATCH($C10,'Undirviðmiðalisti (Lýsigögn)'!$C$42:$C$58,0))),"")))) | L10: =IF($C10="","",IF($G10="Einstaklingsbundið",IFERROR(IF(INDEX('Undirviðmiðalisti (Lýsigögn)'!H$42:H$58,MATCH($C10,'Undirviðmiðalisti (Lýsigögn)'!$C$42:$C$58,0))="","",INDEX('Undirviðmiðalisti (Lýsigögn)'!H$42:H$58,MATCH($C10,'Undirviðmiðalisti (Lýsigögn)'!$C$42:$C$58,0))),""),IFERROR(IF(INDEX('Undirviðmiðalisti (Lýsigögn)'!H$6:H$41,MATCH($C10,'Undirviðmiðalisti (Lýsigögn)'!$C$6:$C$41,0))="","",INDEX('Undirviðmiðalisti (Lýsigögn)'!H$6:H$41,MATCH($C10,'Undirviðmiðalisti (Lýsigögn)'!$C$6:$C$41,0))),IFERROR(IF(INDEX('Undirviðmiðalisti (Lýsigögn)'!H$42:H$58,MATCH($C10,'Undirviðmiðalisti (Lýsigögn)'!$C$42:$C$58,0))="","",INDEX('Undirviðmiðalisti (Lýsigögn)'!H$42:H$58,MATCH($C10,'Undirviðmiðalisti (Lýsigögn)'!$C$42:$C$58,0))),"")))) | M10: =IF($C10="","",IF($G10="Einstaklingsbundið",IFERROR(IF(INDEX('Undirviðmiðalisti (Lýsigögn)'!I$42:I$58,MATCH($C10,'Undirviðmiðalisti (Lýsigögn)'!$C$42:$C$58,0))="","",INDEX('Undirviðmiðalisti (Lýsigögn)'!I$42:I$58,MATCH($C10,'Undirviðmiðalisti (Lýsigögn)'!$C$42:$C$58,0))),""),IFERROR(IF(INDEX('Undirviðmiðalisti (Lýsigögn)'!I$6:I$41,MATCH($C10,'Undirviðmiðalisti (Lýsigögn)'!$C$6:$C$41,0))="","",INDEX('Undirviðmiðalisti (Lýsigögn)'!I$6:I$41,MATCH($C10,'Undirviðmiðalisti (Lýsigögn)'!$C$6:$C$41,0))),IFERROR(IF(INDEX('Undirviðmiðalisti (Lýsigögn)'!I$42:I$58,MATCH($C10,'Undirviðmiðalisti (Lýsigögn)'!$C$42:$C$58,0))="","",INDEX('Undirviðmiðalisti (Lýsigögn)'!I$42:I$58,MATCH($C10,'Undirviðmiðalisti (Lýsigögn)'!$C$42:$C$58,0))),"")))) | N10: =IF($C10="","",IF($G10="Einstaklingsbundið",IFERROR(IF(INDEX('Undirviðmiðalisti (Lýsigögn)'!J$42:J$58,MATCH($C10,'Undirviðmiðalisti (Lýsigögn)'!$C$42:$C$58,0))="","",INDEX('Undirviðmiðalisti (Lýsigögn)'!J$42:J$58,MATCH($C10,'Undirviðmiðalisti (Lýsigögn)'!$C$42:$C$58,0))),""),IFERROR(IF(INDEX('Undirviðmiðalisti (Lýsigögn)'!J$6:J$41,MATCH($C10,'Undirviðmiðalisti (Lýsigögn)'!$C$6:$C$41,0))="","",INDEX('Undirviðmiðalisti (Lýsigögn)'!J$6:J$41,MATCH($C10,'Undirviðmiðalisti (Lýsigögn)'!$C$6:$C$41,0))),IFERROR(IF(INDEX('Undirviðmiðalisti (Lýsigögn)'!J$42:J$58,MATCH($C10,'Undirviðmiðalisti (Lýsigögn)'!$C$42:$C$58,0))="","",INDEX('Undirviðmiðalisti (Lýsigögn)'!J$42:J$58,MATCH($C10,'Undirviðmiðalisti (Lýsigögn)'!$C$42:$C$58,0))),"")))) | O10: =IF($C10="","",IF($G10="Einstaklingsbundið",IFERROR(IF(INDEX('Undirviðmiðalisti (Lýsigögn)'!K$42:K$58,MATCH($C10,'Undirviðmiðalisti (Lýsigögn)'!$C$42:$C$58,0))="","",INDEX('Undirviðmiðalisti (Lýsigögn)'!K$42:K$58,MATCH($C10,'Undirviðmiðalisti (Lýsigögn)'!$C$42:$C$58,0))),""),IFERROR(IF(INDEX('Undirviðmiðalisti (Lýsigögn)'!K$6:K$41,MATCH($C10,'Undirviðmiðalisti (Lýsigögn)'!$C$6:$C$41,0))="","",INDEX('Undirviðmiðalisti (Lýsigögn)'!K$6:K$41,MATCH($C10,'Undirviðmiðalisti (Lýsigögn)'!$C$6:$C$41,0))),IFERROR(IF(INDEX('Undirviðmiðalisti (Lýsigögn)'!K$42:K$58,MATCH($C10,'Undirviðmiðalisti (Lýsigögn)'!$C$42:$C$58,0))="","",INDEX('Undirviðmiðalisti (Lýsigögn)'!K$42:K$58,MATCH($C10,'Undirviðmiðalisti (Lýsigögn)'!$C$42:$C$58,0))),"")))) | P10: =IF($C10="","",IF($G10="Einstaklingsbundið",IFERROR(IF(INDEX('Undirviðmiðalisti (Lýsigögn)'!L$42:L$58,MATCH($C10,'Undirviðmiðalisti (Lýsigögn)'!$C$42:$C$58,0))="","",INDEX('Undirviðmiðalisti (Lýsigögn)'!L$42:L$58,MATCH($C10,'Undirviðmiðalisti (Lýsigögn)'!$C$42:$C$58,0))),""),IFERROR(IF(INDEX('Undirviðmiðalisti (Lýsigögn)'!L$6:L$41,MATCH($C10,'Undirviðmiðalisti (Lýsigögn)'!$C$6:$C$41,0))="","",INDEX('Undirviðmiðalisti (Lýsigögn)'!L$6:L$41,MATCH($C10,'Undirviðmiðalisti (Lýsigögn)'!$C$6:$C$41,0))),IFERROR(IF(INDEX('Undirviðmiðalisti (Lýsigögn)'!L$42:L$58,MATCH($C10,'Undirviðmiðalisti (Lýsigögn)'!$C$42:$C$58,0))="","",INDEX('Undirviðmiðalisti (Lýsigögn)'!L$42:L$58,MATCH($C10,'Undirviðmiðalisti (Lýsigögn)'!$C$42:$C$58,0))),"")))) | Q10: =IF($C10="","",IF($G10="Einstaklingsbundið",IFERROR(IF(INDEX('Undirviðmiðalisti (Lýsigögn)'!M$42:M$58,MATCH($C10,'Undirviðmiðalisti (Lýsigögn)'!$C$42:$C$58,0))="","",INDEX('Undirviðmiðalisti (Lýsigögn)'!M$42:M$58,MATCH($C10,'Undirviðmiðalisti (Lýsigögn)'!$C$42:$C$58,0))),""),IFERROR(IF(INDEX('Undirviðmiðalisti (Lýsigögn)'!M$6:M$41,MATCH($C10,'Undirviðmiðalisti (Lýsigögn)'!$C$6:$C$41,0))="","",INDEX('Undirviðmiðalisti (Lýsigögn)'!M$6:M$41,MATCH($C10,'Undirviðmiðalisti (Lýsigögn)'!$C$6:$C$41,0))),IFERROR(IF(INDEX('Undirviðmiðalisti (Lýsigögn)'!M$42:M$58,MATCH($C10,'Undirviðmiðalisti (Lýsigögn)'!$C$42:$C$58,0))="","",INDEX('Undirviðmiðalisti (Lýsigögn)'!M$42:M$58,MATCH($C10,'Undirviðmiðalisti (Lýsigögn)'!$C$42:$C$58,0))),""))))
A11: =IF($B11="","",ROW()-5) | D11: =IF($C11="","",IF($G11="Einstaklingsbundið",IFERROR(IF(INDEX('Undirviðmiðalisti (Lýsigögn)'!$D$42:$D$58,MATCH($C11,'Undirviðmiðalisti (Lýsigögn)'!$C$42:$C$58,0))="","",INDEX('Undirviðmiðalisti (Lýsigögn)'!$D$42:$D$58,MATCH($C11,'Undirviðmiðalisti (Lýsigögn)'!$C$42:$C$58,0))),""),IFERROR(IF(INDEX('Undirviðmiðalisti (Lýsigögn)'!$D$6:$D$41,MATCH($C11,'Undirviðmiðalisti (Lýsigögn)'!$C$6:$C$41,0))="","",INDEX('Undirviðmiðalisti (Lýsigögn)'!$D$6:$D$41,MATCH($C11,'Undirviðmiðalisti (Lýsigögn)'!$C$6:$C$41,0))),IFERROR(IF(INDEX('Undirviðmiðalisti (Lýsigögn)'!$D$42:$D$58,MATCH($C11,'Undirviðmiðalisti (Lýsigögn)'!$C$42:$C$58,0))="","",INDEX('Undirviðmiðalisti (Lýsigögn)'!$D$42:$D$58,MATCH($C11,'Undirviðmiðalisti (Lýsigögn)'!$C$42:$C$58,0))),"")))) | F11: =IF($C11="","",IF($G11="Einstaklingsbundið",IFERROR(IF(INDEX('Undirviðmiðalisti (Lýsigögn)'!$E$42:$E$58,MATCH($C11,'Undirviðmiðalisti (Lýsigögn)'!$C$42:$C$58,0))="","",INDEX('Undirviðmiðalisti (Lýsigögn)'!$E$42:$E$58,MATCH($C11,'Undirviðmiðalisti (Lýsigögn)'!$C$42:$C$58,0))),""),IFERROR(IF(INDEX('Undirviðmiðalisti (Lýsigögn)'!$E$6:$E$41,MATCH($C11,'Undirviðmiðalisti (Lýsigögn)'!$C$6:$C$41,0))="","",INDEX('Undirviðmiðalisti (Lýsigögn)'!$E$6:$E$41,MATCH($C11,'Undirviðmiðalisti (Lýsigögn)'!$C$6:$C$41,0))),IFERROR(IF(INDEX('Undirviðmiðalisti (Lýsigögn)'!$E$42:$E$58,MATCH($C11,'Undirviðmiðalisti (Lýsigögn)'!$C$42:$C$58,0))="","",INDEX('Undirviðmiðalisti (Lýsigögn)'!$E$42:$E$58,MATCH($C11,'Undirviðmiðalisti (Lýsigögn)'!$C$42:$C$58,0))),"")))) | G11: =IFERROR(IF(B11="","",INDEX(Viðmið!$B$6:$B$10,MATCH(B11,Viðmið!$C$6:$C$10,0))),"") | H11: =IF(OR(E11="",F11=""),"",E11*KVARDI) | I11: =IF(B11="","",IF(ROUND(SUMIF($B$6:$B$205,B11,$E$6:$E$205),4)=ROUND(IFERROR(INDEX(Viðmið!$E$6:$E$10,MATCH(B11,Viðmið!$C$6:$C$10,0)),-1),4),"✓","✗")) | J11: =IF($C11="","",IF($G11="Einstaklingsbundið",IFERROR(IF(INDEX('Undirviðmiðalisti (Lýsigögn)'!F$42:F$58,MATCH($C11,'Undirviðmiðalisti (Lýsigögn)'!$C$42:$C$58,0))="","",INDEX('Undirviðmiðalisti (Lýsigögn)'!F$42:F$58,MATCH($C11,'Undirviðmiðalisti (Lýsigögn)'!$C$42:$C$58,0))),""),IFERROR(IF(INDEX('Undirviðmiðalisti (Lýsigögn)'!F$6:F$41,MATCH($C11,'Undirviðmiðalisti (Lýsigögn)'!$C$6:$C$41,0))="","",INDEX('Undirviðmiðalisti (Lýsigögn)'!F$6:F$41,MATCH($C11,'Undirviðmiðalisti (Lýsigögn)'!$C$6:$C$41,0))),IFERROR(IF(INDEX('Undirviðmiðalisti (Lýsigögn)'!F$42:F$58,MATCH($C11,'Undirviðmiðalisti (Lýsigögn)'!$C$42:$C$58,0))="","",INDEX('Undirviðmiðalisti (Lýsigögn)'!F$42:F$58,MATCH($C11,'Undirviðmiðalisti (Lýsigögn)'!$C$42:$C$58,0))),"")))) | K11: =IF($C11="","",IF($G11="Einstaklingsbundið",IFERROR(IF(INDEX('Undirviðmiðalisti (Lýsigögn)'!G$42:G$58,MATCH($C11,'Undirviðmiðalisti (Lýsigögn)'!$C$42:$C$58,0))="","",INDEX('Undirviðmiðalisti (Lýsigögn)'!G$42:G$58,MATCH($C11,'Undirviðmiðalisti (Lýsigögn)'!$C$42:$C$58,0))),""),IFERROR(IF(INDEX('Undirviðmiðalisti (Lýsigögn)'!G$6:G$41,MATCH($C11,'Undirviðmiðalisti (Lýsigögn)'!$C$6:$C$41,0))="","",INDEX('Undirviðmiðalisti (Lýsigögn)'!G$6:G$41,MATCH($C11,'Undirviðmiðalisti (Lýsigögn)'!$C$6:$C$41,0))),IFERROR(IF(INDEX('Undirviðmiðalisti (Lýsigögn)'!G$42:G$58,MATCH($C11,'Undirviðmiðalisti (Lýsigögn)'!$C$42:$C$58,0))="","",INDEX('Undirviðmiðalisti (Lýsigögn)'!G$42:G$58,MATCH($C11,'Undirviðmiðalisti (Lýsigögn)'!$C$42:$C$58,0))),"")))) | L11: =IF($C11="","",IF($G11="Einstaklingsbundið",IFERROR(IF(INDEX('Undirviðmiðalisti (Lýsigögn)'!H$42:H$58,MATCH($C11,'Undirviðmiðalisti (Lýsigögn)'!$C$42:$C$58,0))="","",INDEX('Undirviðmiðalisti (Lýsigögn)'!H$42:H$58,MATCH($C11,'Undirviðmiðalisti (Lýsigögn)'!$C$42:$C$58,0))),""),IFERROR(IF(INDEX('Undirviðmiðalisti (Lýsigögn)'!H$6:H$41,MATCH($C11,'Undirviðmiðalisti (Lýsigögn)'!$C$6:$C$41,0))="","",INDEX('Undirviðmiðalisti (Lýsigögn)'!H$6:H$41,MATCH($C11,'Undirviðmiðalisti (Lýsigögn)'!$C$6:$C$41,0))),IFERROR(IF(INDEX('Undirviðmiðalisti (Lýsigögn)'!H$42:H$58,MATCH($C11,'Undirviðmiðalisti (Lýsigögn)'!$C$42:$C$58,0))="","",INDEX('Undirviðmiðalisti (Lýsigögn)'!H$42:H$58,MATCH($C11,'Undirviðmiðalisti (Lýsigögn)'!$C$42:$C$58,0))),"")))) | M11: =IF($C11="","",IF($G11="Einstaklingsbundið",IFERROR(IF(INDEX('Undirviðmiðalisti (Lýsigögn)'!I$42:I$58,MATCH($C11,'Undirviðmiðalisti (Lýsigögn)'!$C$42:$C$58,0))="","",INDEX('Undirviðmiðalisti (Lýsigögn)'!I$42:I$58,MATCH($C11,'Undirviðmiðalisti (Lýsigögn)'!$C$42:$C$58,0))),""),IFERROR(IF(INDEX('Undirviðmiðalisti (Lýsigögn)'!I$6:I$41,MATCH($C11,'Undirviðmiðalisti (Lýsigögn)'!$C$6:$C$41,0))="","",INDEX('Undirviðmiðalisti (Lýsigögn)'!I$6:I$41,MATCH($C11,'Undirviðmiðalisti (Lýsigögn)'!$C$6:$C$41,0))),IFERROR(IF(INDEX('Undirviðmiðalisti (Lýsigögn)'!I$42:I$58,MATCH($C11,'Undirviðmiðalisti (Lýsigögn)'!$C$42:$C$58,0))="","",INDEX('Undirviðmiðalisti (Lýsigögn)'!I$42:I$58,MATCH($C11,'Undirviðmiðalisti (Lýsigögn)'!$C$42:$C$58,0))),"")))) | N11: =IF($C11="","",IF($G11="Einstaklingsbundið",IFERROR(IF(INDEX('Undirviðmiðalisti (Lýsigögn)'!J$42:J$58,MATCH($C11,'Undirviðmiðalisti (Lýsigögn)'!$C$42:$C$58,0))="","",INDEX('Undirviðmiðalisti (Lýsigögn)'!J$42:J$58,MATCH($C11,'Undirviðmiðalisti (Lýsigögn)'!$C$42:$C$58,0))),""),IFERROR(IF(INDEX('Undirviðmiðalisti (Lýsigögn)'!J$6:J$41,MATCH($C11,'Undirviðmiðalisti (Lýsigögn)'!$C$6:$C$41,0))="","",INDEX('Undirviðmiðalisti (Lýsigögn)'!J$6:J$41,MATCH($C11,'Undirviðmiðalisti (Lýsigögn)'!$C$6:$C$41,0))),IFERROR(IF(INDEX('Undirviðmiðalisti (Lýsigögn)'!J$42:J$58,MATCH($C11,'Undirviðmiðalisti (Lýsigögn)'!$C$42:$C$58,0))="","",INDEX('Undirviðmiðalisti (Lýsigögn)'!J$42:J$58,MATCH($C11,'Undirviðmiðalisti (Lýsigögn)'!$C$42:$C$58,0))),"")))) | O11: =IF($C11="","",IF($G11="Einstaklingsbundið",IFERROR(IF(INDEX('Undirviðmiðalisti (Lýsigögn)'!K$42:K$58,MATCH($C11,'Undirviðmiðalisti (Lýsigögn)'!$C$42:$C$58,0))="","",INDEX('Undirviðmiðalisti (Lýsigögn)'!K$42:K$58,MATCH($C11,'Undirviðmiðalisti (Lýsigögn)'!$C$42:$C$58,0))),""),IFERROR(IF(INDEX('Undirviðmiðalisti (Lýsigögn)'!K$6:K$41,MATCH($C11,'Undirviðmiðalisti (Lýsigögn)'!$C$6:$C$41,0))="","",INDEX('Undirviðmiðalisti (Lýsigögn)'!K$6:K$41,MATCH($C11,'Undirviðmiðalisti (Lýsigögn)'!$C$6:$C$41,0))),IFERROR(IF(INDEX('Undirviðmiðalisti (Lýsigögn)'!K$42:K$58,MATCH($C11,'Undirviðmiðalisti (Lýsigögn)'!$C$42:$C$58,0))="","",INDEX('Undirviðmiðalisti (Lýsigögn)'!K$42:K$58,MATCH($C11,'Undirviðmiðalisti (Lýsigögn)'!$C$42:$C$58,0))),"")))) | P11: =IF($C11="","",IF($G11="Einstaklingsbundið",IFERROR(IF(INDEX('Undirviðmiðalisti (Lýsigögn)'!L$42:L$58,MATCH($C11,'Undirviðmiðalisti (Lýsigögn)'!$C$42:$C$58,0))="","",INDEX('Undirviðmiðalisti (Lýsigögn)'!L$42:L$58,MATCH($C11,'Undirviðmiðalisti (Lýsigögn)'!$C$42:$C$58,0))),""),IFERROR(IF(INDEX('Undirviðmiðalisti (Lýsigögn)'!L$6:L$41,MATCH($C11,'Undirviðmiðalisti (Lýsigögn)'!$C$6:$C$41,0))="","",INDEX('Undirviðmiðalisti (Lýsigögn)'!L$6:L$41,MATCH($C11,'Undirviðmiðalisti (Lýsigögn)'!$C$6:$C$41,0))),IFERROR(IF(INDEX('Undirviðmiðalisti (Lýsigögn)'!L$42:L$58,MATCH($C11,'Undirviðmiðalisti (Lýsigögn)'!$C$42:$C$58,0))="","",INDEX('Undirviðmiðalisti (Lýsigögn)'!L$42:L$58,MATCH($C11,'Undirviðmiðalisti (Lýsigögn)'!$C$42:$C$58,0))),"")))) | Q11: =IF($C11="","",IF($G11="Einstaklingsbundið",IFERROR(IF(INDEX('Undirviðmiðalisti (Lýsigögn)'!M$42:M$58,MATCH($C11,'Undirviðmiðalisti (Lýsigögn)'!$C$42:$C$58,0))="","",INDEX('Undirviðmiðalisti (Lýsigögn)'!M$42:M$58,MATCH($C11,'Undirviðmiðalisti (Lýsigögn)'!$C$42:$C$58,0))),""),IFERROR(IF(INDEX('Undirviðmiðalisti (Lýsigögn)'!M$6:M$41,MATCH($C11,'Undirviðmiðalisti (Lýsigögn)'!$C$6:$C$41,0))="","",INDEX('Undirviðmiðalisti (Lýsigögn)'!M$6:M$41,MATCH($C11,'Undirviðmiðalisti (Lýsigögn)'!$C$6:$C$41,0))),IFERROR(IF(INDEX('Undirviðmiðalisti (Lýsigögn)'!M$42:M$58,MATCH($C11,'Undirviðmiðalisti (Lýsigögn)'!$C$42:$C$58,0))="","",INDEX('Undirviðmiðalisti (Lýsigögn)'!M$42:M$58,MATCH($C11,'Undirviðmiðalisti (Lýsigögn)'!$C$42:$C$58,0))),""))))
A12: =IF($B12="","",ROW()-5) | D12: =IF($C12="","",IF($G12="Einstaklingsbundið",IFERROR(IF(INDEX('Undirviðmiðalisti (Lýsigögn)'!$D$42:$D$58,MATCH($C12,'Undirviðmiðalisti (Lýsigögn)'!$C$42:$C$58,0))="","",INDEX('Undirviðmiðalisti (Lýsigögn)'!$D$42:$D$58,MATCH($C12,'Undirviðmiðalisti (Lýsigögn)'!$C$42:$C$58,0))),""),IFERROR(IF(INDEX('Undirviðmiðalisti (Lýsigögn)'!$D$6:$D$41,MATCH($C12,'Undirviðmiðalisti (Lýsigögn)'!$C$6:$C$41,0))="","",INDEX('Undirviðmiðalisti (Lýsigögn)'!$D$6:$D$41,MATCH($C12,'Undirviðmiðalisti (Lýsigögn)'!$C$6:$C$41,0))),IFERROR(IF(INDEX('Undirviðmiðalisti (Lýsigögn)'!$D$42:$D$58,MATCH($C12,'Undirviðmiðalisti (Lýsigögn)'!$C$42:$C$58,0))="","",INDEX('Undirviðmiðalisti (Lýsigögn)'!$D$42:$D$58,MATCH($C12,'Undirviðmiðalisti (Lýsigögn)'!$C$42:$C$58,0))),"")))) | F12: =IF($C12="","",IF($G12="Einstaklingsbundið",IFERROR(IF(INDEX('Undirviðmiðalisti (Lýsigögn)'!$E$42:$E$58,MATCH($C12,'Undirviðmiðalisti (Lýsigögn)'!$C$42:$C$58,0))="","",INDEX('Undirviðmiðalisti (Lýsigögn)'!$E$42:$E$58,MATCH($C12,'Undirviðmiðalisti (Lýsigögn)'!$C$42:$C$58,0))),""),IFERROR(IF(INDEX('Undirviðmiðalisti (Lýsigögn)'!$E$6:$E$41,MATCH($C12,'Undirviðmiðalisti (Lýsigögn)'!$C$6:$C$41,0))="","",INDEX('Undirviðmiðalisti (Lýsigögn)'!$E$6:$E$41,MATCH($C12,'Undirviðmiðalisti (Lýsigögn)'!$C$6:$C$41,0))),IFERROR(IF(INDEX('Undirviðmiðalisti (Lýsigögn)'!$E$42:$E$58,MATCH($C12,'Undirviðmiðalisti (Lýsigögn)'!$C$42:$C$58,0))="","",INDEX('Undirviðmiðalisti (Lýsigögn)'!$E$42:$E$58,MATCH($C12,'Undirviðmiðalisti (Lýsigögn)'!$C$42:$C$58,0))),"")))) | G12: =IFERROR(IF(B12="","",INDEX(Viðmið!$B$6:$B$10,MATCH(B12,Viðmið!$C$6:$C$10,0))),"") | H12: =IF(OR(E12="",F12=""),"",E12*KVARDI) | I12: =IF(B12="","",IF(ROUND(SUMIF($B$6:$B$205,B12,$E$6:$E$205),4)=ROUND(IFERROR(INDEX(Viðmið!$E$6:$E$10,MATCH(B12,Viðmið!$C$6:$C$10,0)),-1),4),"✓","✗")) | J12: =IF($C12="","",IF($G12="Einstaklingsbundið",IFERROR(IF(INDEX('Undirviðmiðalisti (Lýsigögn)'!F$42:F$58,MATCH($C12,'Undirviðmiðalisti (Lýsigögn)'!$C$42:$C$58,0))="","",INDEX('Undirviðmiðalisti (Lýsigögn)'!F$42:F$58,MATCH($C12,'Undirviðmiðalisti (Lýsigögn)'!$C$42:$C$58,0))),""),IFERROR(IF(INDEX('Undirviðmiðalisti (Lýsigögn)'!F$6:F$41,MATCH($C12,'Undirviðmiðalisti (Lýsigögn)'!$C$6:$C$41,0))="","",INDEX('Undirviðmiðalisti (Lýsigögn)'!F$6:F$41,MATCH($C12,'Undirviðmiðalisti (Lýsigögn)'!$C$6:$C$41,0))),IFERROR(IF(INDEX('Undirviðmiðalisti (Lýsigögn)'!F$42:F$58,MATCH($C12,'Undirviðmiðalisti (Lýsigögn)'!$C$42:$C$58,0))="","",INDEX('Undirviðmiðalisti (Lýsigögn)'!F$42:F$58,MATCH($C12,'Undirviðmiðalisti (Lýsigögn)'!$C$42:$C$58,0))),"")))) | K12: =IF($C12="","",IF($G12="Einstaklingsbundið",IFERROR(IF(INDEX('Undirviðmiðalisti (Lýsigögn)'!G$42:G$58,MATCH($C12,'Undirviðmiðalisti (Lýsigögn)'!$C$42:$C$58,0))="","",INDEX('Undirviðmiðalisti (Lýsigögn)'!G$42:G$58,MATCH($C12,'Undirviðmiðalisti (Lýsigögn)'!$C$42:$C$58,0))),""),IFERROR(IF(INDEX('Undirviðmiðalisti (Lýsigögn)'!G$6:G$41,MATCH($C12,'Undirviðmiðalisti (Lýsigögn)'!$C$6:$C$41,0))="","",INDEX('Undirviðmiðalisti (Lýsigögn)'!G$6:G$41,MATCH($C12,'Undirviðmiðalisti (Lýsigögn)'!$C$6:$C$41,0))),IFERROR(IF(INDEX('Undirviðmiðalisti (Lýsigögn)'!G$42:G$58,MATCH($C12,'Undirviðmiðalisti (Lýsigögn)'!$C$42:$C$58,0))="","",INDEX('Undirviðmiðalisti (Lýsigögn)'!G$42:G$58,MATCH($C12,'Undirviðmiðalisti (Lýsigögn)'!$C$42:$C$58,0))),"")))) | L12: =IF($C12="","",IF($G12="Einstaklingsbundið",IFERROR(IF(INDEX('Undirviðmiðalisti (Lýsigögn)'!H$42:H$58,MATCH($C12,'Undirviðmiðalisti (Lýsigögn)'!$C$42:$C$58,0))="","",INDEX('Undirviðmiðalisti (Lýsigögn)'!H$42:H$58,MATCH($C12,'Undirviðmiðalisti (Lýsigögn)'!$C$42:$C$58,0))),""),IFERROR(IF(INDEX('Undirviðmiðalisti (Lýsigögn)'!H$6:H$41,MATCH($C12,'Undirviðmiðalisti (Lýsigögn)'!$C$6:$C$41,0))="","",INDEX('Undirviðmiðalisti (Lýsigögn)'!H$6:H$41,MATCH($C12,'Undirviðmiðalisti (Lýsigögn)'!$C$6:$C$41,0))),IFERROR(IF(INDEX('Undirviðmiðalisti (Lýsigögn)'!H$42:H$58,MATCH($C12,'Undirviðmiðalisti (Lýsigögn)'!$C$42:$C$58,0))="","",INDEX('Undirviðmiðalisti (Lýsigögn)'!H$42:H$58,MATCH($C12,'Undirviðmiðalisti (Lýsigögn)'!$C$42:$C$58,0))),"")))) | M12: =IF($C12="","",IF($G12="Einstaklingsbundið",IFERROR(IF(INDEX('Undirviðmiðalisti (Lýsigögn)'!I$42:I$58,MATCH($C12,'Undirviðmiðalisti (Lýsigögn)'!$C$42:$C$58,0))="","",INDEX('Undirviðmiðalisti (Lýsigögn)'!I$42:I$58,MATCH($C12,'Undirviðmiðalisti (Lýsigögn)'!$C$42:$C$58,0))),""),IFERROR(IF(INDEX('Undirviðmiðalisti (Lýsigögn)'!I$6:I$41,MATCH($C12,'Undirviðmiðalisti (Lýsigögn)'!$C$6:$C$41,0))="","",INDEX('Undirviðmiðalisti (Lýsigögn)'!I$6:I$41,MATCH($C12,'Undirviðmiðalisti (Lýsigögn)'!$C$6:$C$41,0))),IFERROR(IF(INDEX('Undirviðmiðalisti (Lýsigögn)'!I$42:I$58,MATCH($C12,'Undirviðmiðalisti (Lýsigögn)'!$C$42:$C$58,0))="","",INDEX('Undirviðmiðalisti (Lýsigögn)'!I$42:I$58,MATCH($C12,'Undirviðmiðalisti (Lýsigögn)'!$C$42:$C$58,0))),"")))) | N12: =IF($C12="","",IF($G12="Einstaklingsbundið",IFERROR(IF(INDEX('Undirviðmiðalisti (Lýsigögn)'!J$42:J$58,MATCH($C12,'Undirviðmiðalisti (Lýsigögn)'!$C$42:$C$58,0))="","",INDEX('Undirviðmiðalisti (Lýsigögn)'!J$42:J$58,MATCH($C12,'Undirviðmiðalisti (Lýsigögn)'!$C$42:$C$58,0))),""),IFERROR(IF(INDEX('Undirviðmiðalisti (Lýsigögn)'!J$6:J$41,MATCH($C12,'Undirviðmiðalisti (Lýsigögn)'!$C$6:$C$41,0))="","",INDEX('Undirviðmiðalisti (Lýsigögn)'!J$6:J$41,MATCH($C12,'Undirviðmiðalisti (Lýsigögn)'!$C$6:$C$41,0))),IFERROR(IF(INDEX('Undirviðmiðalisti (Lýsigögn)'!J$42:J$58,MATCH($C12,'Undirviðmiðalisti (Lýsigögn)'!$C$42:$C$58,0))="","",INDEX('Undirviðmiðalisti (Lýsigögn)'!J$42:J$58,MATCH($C12,'Undirviðmiðalisti (Lýsigögn)'!$C$42:$C$58,0))),"")))) | O12: =IF($C12="","",IF($G12="Einstaklingsbundið",IFERROR(IF(INDEX('Undirviðmiðalisti (Lýsigögn)'!K$42:K$58,MATCH($C12,'Undirviðmiðalisti (Lýsigögn)'!$C$42:$C$58,0))="","",INDEX('Undirviðmiðalisti (Lýsigögn)'!K$42:K$58,MATCH($C12,'Undirviðmiðalisti (Lýsigögn)'!$C$42:$C$58,0))),""),IFERROR(IF(INDEX('Undirviðmiðalisti (Lýsigögn)'!K$6:K$41,MATCH($C12,'Undirviðmiðalisti (Lýsigögn)'!$C$6:$C$41,0))="","",INDEX('Undirviðmiðalisti (Lýsigögn)'!K$6:K$41,MATCH($C12,'Undirviðmiðalisti (Lýsigögn)'!$C$6:$C$41,0))),IFERROR(IF(INDEX('Undirviðmiðalisti (Lýsigögn)'!K$42:K$58,MATCH($C12,'Undirviðmiðalisti (Lýsigögn)'!$C$42:$C$58,0))="","",INDEX('Undirviðmiðalisti (Lýsigögn)'!K$42:K$58,MATCH($C12,'Undirviðmiðalisti (Lýsigögn)'!$C$42:$C$58,0))),"")))) | P12: =IF($C12="","",IF($G12="Einstaklingsbundið",IFERROR(IF(INDEX('Undirviðmiðalisti (Lýsigögn)'!L$42:L$58,MATCH($C12,'Undirviðmiðalisti (Lýsigögn)'!$C$42:$C$58,0))="","",INDEX('Undirviðmiðalisti (Lýsigögn)'!L$42:L$58,MATCH($C12,'Undirviðmiðalisti (Lýsigögn)'!$C$42:$C$58,0))),""),IFERROR(IF(INDEX('Undirviðmiðalisti (Lýsigögn)'!L$6:L$41,MATCH($C12,'Undirviðmiðalisti (Lýsigögn)'!$C$6:$C$41,0))="","",INDEX('Undirviðmiðalisti (Lýsigögn)'!L$6:L$41,MATCH($C12,'Undirviðmiðalisti (Lýsigögn)'!$C$6:$C$41,0))),IFERROR(IF(INDEX('Undirviðmiðalisti (Lýsigögn)'!L$42:L$58,MATCH($C12,'Undirviðmiðalisti (Lýsigögn)'!$C$42:$C$58,0))="","",INDEX('Undirviðmiðalisti (Lýsigögn)'!L$42:L$58,MATCH($C12,'Undirviðmiðalisti (Lýsigögn)'!$C$42:$C$58,0))),"")))) | Q12: =IF($C12="","",IF($G12="Einstaklingsbundið",IFERROR(IF(INDEX('Undirviðmiðalisti (Lýsigögn)'!M$42:M$58,MATCH($C12,'Undirviðmiðalisti (Lýsigögn)'!$C$42:$C$58,0))="","",INDEX('Undirviðmiðalisti (Lýsigögn)'!M$42:M$58,MATCH($C12,'Undirviðmiðalisti (Lýsigögn)'!$C$42:$C$58,0))),""),IFERROR(IF(INDEX('Undirviðmiðalisti (Lýsigögn)'!M$6:M$41,MATCH($C12,'Undirviðmiðalisti (Lýsigögn)'!$C$6:$C$41,0))="","",INDEX('Undirviðmiðalisti (Lýsigögn)'!M$6:M$41,MATCH($C12,'Undirviðmiðalisti (Lýsigögn)'!$C$6:$C$41,0))),IFERROR(IF(INDEX('Undirviðmiðalisti (Lýsigögn)'!M$42:M$58,MATCH($C12,'Undirviðmiðalisti (Lýsigögn)'!$C$42:$C$58,0))="","",INDEX('Undirviðmiðalisti (Lýsigögn)'!M$42:M$58,MATCH($C12,'Undirviðmiðalisti (Lýsigögn)'!$C$42:$C$58,0))),""))))
A13: =IF($B13="","",ROW()-5) | D13: =IF($C13="","",IF($G13="Einstaklingsbundið",IFERROR(IF(INDEX('Undirviðmiðalisti (Lýsigögn)'!$D$42:$D$58,MATCH($C13,'Undirviðmiðalisti (Lýsigögn)'!$C$42:$C$58,0))="","",INDEX('Undirviðmiðalisti (Lýsigögn)'!$D$42:$D$58,MATCH($C13,'Undirviðmiðalisti (Lýsigögn)'!$C$42:$C$58,0))),""),IFERROR(IF(INDEX('Undirviðmiðalisti (Lýsigögn)'!$D$6:$D$41,MATCH($C13,'Undirviðmiðalisti (Lýsigögn)'!$C$6:$C$41,0))="","",INDEX('Undirviðmiðalisti (Lýsigögn)'!$D$6:$D$41,MATCH($C13,'Undirviðmiðalisti (Lýsigögn)'!$C$6:$C$41,0))),IFERROR(IF(INDEX('Undirviðmiðalisti (Lýsigögn)'!$D$42:$D$58,MATCH($C13,'Undirviðmiðalisti (Lýsigögn)'!$C$42:$C$58,0))="","",INDEX('Undirviðmiðalisti (Lýsigögn)'!$D$42:$D$58,MATCH($C13,'Undirviðmiðalisti (Lýsigögn)'!$C$42:$C$58,0))),"")))) | F13: =IF($C13="","",IF($G13="Einstaklingsbundið",IFERROR(IF(INDEX('Undirviðmiðalisti (Lýsigögn)'!$E$42:$E$58,MATCH($C13,'Undirviðmiðalisti (Lýsigögn)'!$C$42:$C$58,0))="","",INDEX('Undirviðmiðalisti (Lýsigögn)'!$E$42:$E$58,MATCH($C13,'Undirviðmiðalisti (Lýsigögn)'!$C$42:$C$58,0))),""),IFERROR(IF(INDEX('Undirviðmiðalisti (Lýsigögn)'!$E$6:$E$41,MATCH($C13,'Undirviðmiðalisti (Lýsigögn)'!$C$6:$C$41,0))="","",INDEX('Undirviðmiðalisti (Lýsigögn)'!$E$6:$E$41,MATCH($C13,'Undirviðmiðalisti (Lýsigögn)'!$C$6:$C$41,0))),IFERROR(IF(INDEX('Undirviðmiðalisti (Lýsigögn)'!$E$42:$E$58,MATCH($C13,'Undirviðmiðalisti (Lýsigögn)'!$C$42:$C$58,0))="","",INDEX('Undirviðmiðalisti (Lýsigögn)'!$E$42:$E$58,MATCH($C13,'Undirviðmiðalisti (Lýsigögn)'!$C$42:$C$58,0))),"")))) | G13: =IFERROR(IF(B13="","",INDEX(Viðmið!$B$6:$B$10,MATCH(B13,Viðmið!$C$6:$C$10,0))),"") | H13: =IF(OR(E13="",F13=""),"",E13*KVARDI) | I13: =IF(B13="","",IF(ROUND(SUMIF($B$6:$B$205,B13,$E$6:$E$205),4)=ROUND(IFERROR(INDEX(Viðmið!$E$6:$E$10,MATCH(B13,Viðmið!$C$6:$C$10,0)),-1),4),"✓","✗")) | J13: =IF($C13="","",IF($G13="Einstaklingsbundið",IFERROR(IF(INDEX('Undirviðmiðalisti (Lýsigögn)'!F$42:F$58,MATCH($C13,'Undirviðmiðalisti (Lýsigögn)'!$C$42:$C$58,0))="","",INDEX('Undirviðmiðalisti (Lýsigögn)'!F$42:F$58,MATCH($C13,'Undirviðmiðalisti (Lýsigögn)'!$C$42:$C$58,0))),""),IFERROR(IF(INDEX('Undirviðmiðalisti (Lýsigögn)'!F$6:F$41,MATCH($C13,'Undirviðmiðalisti (Lýsigögn)'!$C$6:$C$41,0))="","",INDEX('Undirviðmiðalisti (Lýsigögn)'!F$6:F$41,MATCH($C13,'Undirviðmiðalisti (Lýsigögn)'!$C$6:$C$41,0))),IFERROR(IF(INDEX('Undirviðmiðalisti (Lýsigögn)'!F$42:F$58,MATCH($C13,'Undirviðmiðalisti (Lýsigögn)'!$C$42:$C$58,0))="","",INDEX('Undirviðmiðalisti (Lýsigögn)'!F$42:F$58,MATCH($C13,'Undirviðmiðalisti (Lýsigögn)'!$C$42:$C$58,0))),"")))) | K13: =IF($C13="","",IF($G13="Einstaklingsbundið",IFERROR(IF(INDEX('Undirviðmiðalisti (Lýsigögn)'!G$42:G$58,MATCH($C13,'Undirviðmiðalisti (Lýsigögn)'!$C$42:$C$58,0))="","",INDEX('Undirviðmiðalisti (Lýsigögn)'!G$42:G$58,MATCH($C13,'Undirviðmiðalisti (Lýsigögn)'!$C$42:$C$58,0))),""),IFERROR(IF(INDEX('Undirviðmiðalisti (Lýsigögn)'!G$6:G$41,MATCH($C13,'Undirviðmiðalisti (Lýsigögn)'!$C$6:$C$41,0))="","",INDEX('Undirviðmiðalisti (Lýsigögn)'!G$6:G$41,MATCH($C13,'Undirviðmiðalisti (Lýsigögn)'!$C$6:$C$41,0))),IFERROR(IF(INDEX('Undirviðmiðalisti (Lýsigögn)'!G$42:G$58,MATCH($C13,'Undirviðmiðalisti (Lýsigögn)'!$C$42:$C$58,0))="","",INDEX('Undirviðmiðalisti (Lýsigögn)'!G$42:G$58,MATCH($C13,'Undirviðmiðalisti (Lýsigögn)'!$C$42:$C$58,0))),"")))) | L13: =IF($C13="","",IF($G13="Einstaklingsbundið",IFERROR(IF(INDEX('Undirviðmiðalisti (Lýsigögn)'!H$42:H$58,MATCH($C13,'Undirviðmiðalisti (Lýsigögn)'!$C$42:$C$58,0))="","",INDEX('Undirviðmiðalisti (Lýsigögn)'!H$42:H$58,MATCH($C13,'Undirviðmiðalisti (Lýsigögn)'!$C$42:$C$58,0))),""),IFERROR(IF(INDEX('Undirviðmiðalisti (Lýsigögn)'!H$6:H$41,MATCH($C13,'Undirviðmiðalisti (Lýsigögn)'!$C$6:$C$41,0))="","",INDEX('Undirviðmiðalisti (Lýsigögn)'!H$6:H$41,MATCH($C13,'Undirviðmiðalisti (Lýsigögn)'!$C$6:$C$41,0))),IFERROR(IF(INDEX('Undirviðmiðalisti (Lýsigögn)'!H$42:H$58,MATCH($C13,'Undirviðmiðalisti (Lýsigögn)'!$C$42:$C$58,0))="","",INDEX('Undirviðmiðalisti (Lýsigögn)'!H$42:H$58,MATCH($C13,'Undirviðmiðalisti (Lýsigögn)'!$C$42:$C$58,0))),"")))) | M13: =IF($C13="","",IF($G13="Einstaklingsbundið",IFERROR(IF(INDEX('Undirviðmiðalisti (Lýsigögn)'!I$42:I$58,MATCH($C13,'Undirviðmiðalisti (Lýsigögn)'!$C$42:$C$58,0))="","",INDEX('Undirviðmiðalisti (Lýsigögn)'!I$42:I$58,MATCH($C13,'Undirviðmiðalisti (Lýsigögn)'!$C$42:$C$58,0))),""),IFERROR(IF(INDEX('Undirviðmiðalisti (Lýsigögn)'!I$6:I$41,MATCH($C13,'Undirviðmiðalisti (Lýsigögn)'!$C$6:$C$41,0))="","",INDEX('Undirviðmiðalisti (Lýsigögn)'!I$6:I$41,MATCH($C13,'Undirviðmiðalisti (Lýsigögn)'!$C$6:$C$41,0))),IFERROR(IF(INDEX('Undirviðmiðalisti (Lýsigögn)'!I$42:I$58,MATCH($C13,'Undirviðmiðalisti (Lýsigögn)'!$C$42:$C$58,0))="","",INDEX('Undirviðmiðalisti (Lýsigögn)'!I$42:I$58,MATCH($C13,'Undirviðmiðalisti (Lýsigögn)'!$C$42:$C$58,0))),"")))) | N13: =IF($C13="","",IF($G13="Einstaklingsbundið",IFERROR(IF(INDEX('Undirviðmiðalisti (Lýsigögn)'!J$42:J$58,MATCH($C13,'Undirviðmiðalisti (Lýsigögn)'!$C$42:$C$58,0))="","",INDEX('Undirviðmiðalisti (Lýsigögn)'!J$42:J$58,MATCH($C13,'Undirviðmiðalisti (Lýsigögn)'!$C$42:$C$58,0))),""),IFERROR(IF(INDEX('Undirviðmiðalisti (Lýsigögn)'!J$6:J$41,MATCH($C13,'Undirviðmiðalisti (Lýsigögn)'!$C$6:$C$41,0))="","",INDEX('Undirviðmiðalisti (Lýsigögn)'!J$6:J$41,MATCH($C13,'Undirviðmiðalisti (Lýsigögn)'!$C$6:$C$41,0))),IFERROR(IF(INDEX('Undirviðmiðalisti (Lýsigögn)'!J$42:J$58,MATCH($C13,'Undirviðmiðalisti (Lýsigögn)'!$C$42:$C$58,0))="","",INDEX('Undirviðmiðalisti (Lýsigögn)'!J$42:J$58,MATCH($C13,'Undirviðmiðalisti (Lýsigögn)'!$C$42:$C$58,0))),"")))) | O13: =IF($C13="","",IF($G13="Einstaklingsbundið",IFERROR(IF(INDEX('Undirviðmiðalisti (Lýsigögn)'!K$42:K$58,MATCH($C13,'Undirviðmiðalisti (Lýsigögn)'!$C$42:$C$58,0))="","",INDEX('Undirviðmiðalisti (Lýsigögn)'!K$42:K$58,MATCH($C13,'Undirviðmiðalisti (Lýsigögn)'!$C$42:$C$58,0))),""),IFERROR(IF(INDEX('Undirviðmiðalisti (Lýsigögn)'!K$6:K$41,MATCH($C13,'Undirviðmiðalisti (Lýsigögn)'!$C$6:$C$41,0))="","",INDEX('Undirviðmiðalisti (Lýsigögn)'!K$6:K$41,MATCH($C13,'Undirviðmiðalisti (Lýsigögn)'!$C$6:$C$41,0))),IFERROR(IF(INDEX('Undirviðmiðalisti (Lýsigögn)'!K$42:K$58,MATCH($C13,'Undirviðmiðalisti (Lýsigögn)'!$C$42:$C$58,0))="","",INDEX('Undirviðmiðalisti (Lýsigögn)'!K$42:K$58,MATCH($C13,'Undirviðmiðalisti (Lýsigögn)'!$C$42:$C$58,0))),"")))) | P13: =IF($C13="","",IF($G13="Einstaklingsbundið",IFERROR(IF(INDEX('Undirviðmiðalisti (Lýsigögn)'!L$42:L$58,MATCH($C13,'Undirviðmiðalisti (Lýsigögn)'!$C$42:$C$58,0))="","",INDEX('Undirviðmiðalisti (Lýsigögn)'!L$42:L$58,MATCH($C13,'Undirviðmiðalisti (Lýsigögn)'!$C$42:$C$58,0))),""),IFERROR(IF(INDEX('Undirviðmiðalisti (Lýsigögn)'!L$6:L$41,MATCH($C13,'Undirviðmiðalisti (Lýsigögn)'!$C$6:$C$41,0))="","",INDEX('Undirviðmiðalisti (Lýsigögn)'!L$6:L$41,MATCH($C13,'Undirviðmiðalisti (Lýsigögn)'!$C$6:$C$41,0))),IFERROR(IF(INDEX('Undirviðmiðalisti (Lýsigögn)'!L$42:L$58,MATCH($C13,'Undirviðmiðalisti (Lýsigögn)'!$C$42:$C$58,0))="","",INDEX('Undirviðmiðalisti (Lýsigögn)'!L$42:L$58,MATCH($C13,'Undirviðmiðalisti (Lýsigögn)'!$C$42:$C$58,0))),"")))) | Q13: =IF($C13="","",IF($G13="Einstaklingsbundið",IFERROR(IF(INDEX('Undirviðmiðalisti (Lýsigögn)'!M$42:M$58,MATCH($C13,'Undirviðmiðalisti (Lýsigögn)'!$C$42:$C$58,0))="","",INDEX('Undirviðmiðalisti (Lýsigögn)'!M$42:M$58,MATCH($C13,'Undirviðmiðalisti (Lýsigögn)'!$C$42:$C$58,0))),""),IFERROR(IF(INDEX('Undirviðmiðalisti (Lýsigögn)'!M$6:M$41,MATCH($C13,'Undirviðmiðalisti (Lýsigögn)'!$C$6:$C$41,0))="","",INDEX('Undirviðmiðalisti (Lýsigögn)'!M$6:M$41,MATCH($C13,'Undirviðmiðalisti (Lýsigögn)'!$C$6:$C$41,0))),IFERROR(IF(INDEX('Undirviðmiðalisti (Lýsigögn)'!M$42:M$58,MATCH($C13,'Undirviðmiðalisti (Lýsigögn)'!$C$42:$C$58,0))="","",INDEX('Undirviðmiðalisti (Lýsigögn)'!M$42:M$58,MATCH($C13,'Undirviðmiðalisti (Lýsigögn)'!$C$42:$C$58,0))),""))))
A14: =IF($B14="","",ROW()-5) | D14: =IF($C14="","",IF($G14="Einstaklingsbundið",IFERROR(IF(INDEX('Undirviðmiðalisti (Lýsigögn)'!$D$42:$D$58,MATCH($C14,'Undirviðmiðalisti (Lýsigögn)'!$C$42:$C$58,0))="","",INDEX('Undirviðmiðalisti (Lýsigögn)'!$D$42:$D$58,MATCH($C14,'Undirviðmiðalisti (Lýsigögn)'!$C$42:$C$58,0))),""),IFERROR(IF(INDEX('Undirviðmiðalisti (Lýsigögn)'!$D$6:$D$41,MATCH($C14,'Undirviðmiðalisti (Lýsigögn)'!$C$6:$C$41,0))="","",INDEX('Undirviðmiðalisti (Lýsigögn)'!$D$6:$D$41,MATCH($C14,'Undirviðmiðalisti (Lýsigögn)'!$C$6:$C$41,0))),IFERROR(IF(INDEX('Undirviðmiðalisti (Lýsigögn)'!$D$42:$D$58,MATCH($C14,'Undirviðmiðalisti (Lýsigögn)'!$C$42:$C$58,0))="","",INDEX('Undirviðmiðalisti (Lýsigögn)'!$D$42:$D$58,MATCH($C14,'Undirviðmiðalisti (Lýsigögn)'!$C$42:$C$58,0))),"")))) | F14: =IF($C14="","",IF($G14="Einstaklingsbundið",IFERROR(IF(INDEX('Undirviðmiðalisti (Lýsigögn)'!$E$42:$E$58,MATCH($C14,'Undirviðmiðalisti (Lýsigögn)'!$C$42:$C$58,0))="","",INDEX('Undirviðmiðalisti (Lýsigögn)'!$E$42:$E$58,MATCH($C14,'Undirviðmiðalisti (Lýsigögn)'!$C$42:$C$58,0))),""),IFERROR(IF(INDEX('Undirviðmiðalisti (Lýsigögn)'!$E$6:$E$41,MATCH($C14,'Undirviðmiðalisti (Lýsigögn)'!$C$6:$C$41,0))="","",INDEX('Undirviðmiðalisti (Lýsigögn)'!$E$6:$E$41,MATCH($C14,'Undirviðmiðalisti (Lýsigögn)'!$C$6:$C$41,0))),IFERROR(IF(INDEX('Undirviðmiðalisti (Lýsigögn)'!$E$42:$E$58,MATCH($C14,'Undirviðmiðalisti (Lýsigögn)'!$C$42:$C$58,0))="","",INDEX('Undirviðmiðalisti (Lýsigögn)'!$E$42:$E$58,MATCH($C14,'Undirviðmiðalisti (Lýsigögn)'!$C$42:$C$58,0))),"")))) | G14: =IFERROR(IF(B14="","",INDEX(Viðmið!$B$6:$B$10,MATCH(B14,Viðmið!$C$6:$C$10,0))),"") | H14: =IF(OR(E14="",F14=""),"",E14*KVARDI) | I14: =IF(B14="","",IF(ROUND(SUMIF($B$6:$B$205,B14,$E$6:$E$205),4)=ROUND(IFERROR(INDEX(Viðmið!$E$6:$E$10,MATCH(B14,Viðmið!$C$6:$C$10,0)),-1),4),"✓","✗")) | J14: =IF($C14="","",IF($G14="Einstaklingsbundið",IFERROR(IF(INDEX('Undirviðmiðalisti (Lýsigögn)'!F$42:F$58,MATCH($C14,'Undirviðmiðalisti (Lýsigögn)'!$C$42:$C$58,0))="","",INDEX('Undirviðmiðalisti (Lýsigögn)'!F$42:F$58,MATCH($C14,'Undirviðmiðalisti (Lýsigögn)'!$C$42:$C$58,0))),""),IFERROR(IF(INDEX('Undirviðmiðalisti (Lýsigögn)'!F$6:F$41,MATCH($C14,'Undirviðmiðalisti (Lýsigögn)'!$C$6:$C$41,0))="","",INDEX('Undirviðmiðalisti (Lýsigögn)'!F$6:F$41,MATCH($C14,'Undirviðmiðalisti (Lýsigögn)'!$C$6:$C$41,0))),IFERROR(IF(INDEX('Undirviðmiðalisti (Lýsigögn)'!F$42:F$58,MATCH($C14,'Undirviðmiðalisti (Lýsigögn)'!$C$42:$C$58,0))="","",INDEX('Undirviðmiðalisti (Lýsigögn)'!F$42:F$58,MATCH($C14,'Undirviðmiðalisti (Lýsigögn)'!$C$42:$C$58,0))),"")))) | K14: =IF($C14="","",IF($G14="Einstaklingsbundið",IFERROR(IF(INDEX('Undirviðmiðalisti (Lýsigögn)'!G$42:G$58,MATCH($C14,'Undirviðmiðalisti (Lýsigögn)'!$C$42:$C$58,0))="","",INDEX('Undirviðmiðalisti (Lýsigögn)'!G$42:G$58,MATCH($C14,'Undirviðmiðalisti (Lýsigögn)'!$C$42:$C$58,0))),""),IFERROR(IF(INDEX('Undirviðmiðalisti (Lýsigögn)'!G$6:G$41,MATCH($C14,'Undirviðmiðalisti (Lýsigögn)'!$C$6:$C$41,0))="","",INDEX('Undirviðmiðalisti (Lýsigögn)'!G$6:G$41,MATCH($C14,'Undirviðmiðalisti (Lýsigögn)'!$C$6:$C$41,0))),IFERROR(IF(INDEX('Undirviðmiðalisti (Lýsigögn)'!G$42:G$58,MATCH($C14,'Undirviðmiðalisti (Lýsigögn)'!$C$42:$C$58,0))="","",INDEX('Undirviðmiðalisti (Lýsigögn)'!G$42:G$58,MATCH($C14,'Undirviðmiðalisti (Lýsigögn)'!$C$42:$C$58,0))),"")))) | L14: =IF($C14="","",IF($G14="Einstaklingsbundið",IFERROR(IF(INDEX('Undirviðmiðalisti (Lýsigögn)'!H$42:H$58,MATCH($C14,'Undirviðmiðalisti (Lýsigögn)'!$C$42:$C$58,0))="","",INDEX('Undirviðmiðalisti (Lýsigögn)'!H$42:H$58,MATCH($C14,'Undirviðmiðalisti (Lýsigögn)'!$C$42:$C$58,0))),""),IFERROR(IF(INDEX('Undirviðmiðalisti (Lýsigögn)'!H$6:H$41,MATCH($C14,'Undirviðmiðalisti (Lýsigögn)'!$C$6:$C$41,0))="","",INDEX('Undirviðmiðalisti (Lýsigögn)'!H$6:H$41,MATCH($C14,'Undirviðmiðalisti (Lýsigögn)'!$C$6:$C$41,0))),IFERROR(IF(INDEX('Undirviðmiðalisti (Lýsigögn)'!H$42:H$58,MATCH($C14,'Undirviðmiðalisti (Lýsigögn)'!$C$42:$C$58,0))="","",INDEX('Undirviðmiðalisti (Lýsigögn)'!H$42:H$58,MATCH($C14,'Undirviðmiðalisti (Lýsigögn)'!$C$42:$C$58,0))),"")))) | M14: =IF($C14="","",IF($G14="Einstaklingsbundið",IFERROR(IF(INDEX('Undirviðmiðalisti (Lýsigögn)'!I$42:I$58,MATCH($C14,'Undirviðmiðalisti (Lýsigögn)'!$C$42:$C$58,0))="","",INDEX('Undirviðmiðalisti (Lýsigögn)'!I$42:I$58,MATCH($C14,'Undirviðmiðalisti (Lýsigögn)'!$C$42:$C$58,0))),""),IFERROR(IF(INDEX('Undirviðmiðalisti (Lýsigögn)'!I$6:I$41,MATCH($C14,'Undirviðmiðalisti (Lýsigögn)'!$C$6:$C$41,0))="","",INDEX('Undirviðmiðalisti (Lýsigögn)'!I$6:I$41,MATCH($C14,'Undirviðmiðalisti (Lýsigögn)'!$C$6:$C$41,0))),IFERROR(IF(INDEX('Undirviðmiðalisti (Lýsigögn)'!I$42:I$58,MATCH($C14,'Undirviðmiðalisti (Lýsigögn)'!$C$42:$C$58,0))="","",INDEX('Undirviðmiðalisti (Lýsigögn)'!I$42:I$58,MATCH($C14,'Undirviðmiðalisti (Lýsigögn)'!$C$42:$C$58,0))),"")))) | N14: =IF($C14="","",IF($G14="Einstaklingsbundið",IFERROR(IF(INDEX('Undirviðmiðalisti (Lýsigögn)'!J$42:J$58,MATCH($C14,'Undirviðmiðalisti (Lýsigögn)'!$C$42:$C$58,0))="","",INDEX('Undirviðmiðalisti (Lýsigögn)'!J$42:J$58,MATCH($C14,'Undirviðmiðalisti (Lýsigögn)'!$C$42:$C$58,0))),""),IFERROR(IF(INDEX('Undirviðmiðalisti (Lýsigögn)'!J$6:J$41,MATCH($C14,'Undirviðmiðalisti (Lýsigögn)'!$C$6:$C$41,0))="","",INDEX('Undirviðmiðalisti (Lýsigögn)'!J$6:J$41,MATCH($C14,'Undirviðmiðalisti (Lýsigögn)'!$C$6:$C$41,0))),IFERROR(IF(INDEX('Undirviðmiðalisti (Lýsigögn)'!J$42:J$58,MATCH($C14,'Undirviðmiðalisti (Lýsigögn)'!$C$42:$C$58,0))="","",INDEX('Undirviðmiðalisti (Lýsigögn)'!J$42:J$58,MATCH($C14,'Undirviðmiðalisti (Lýsigögn)'!$C$42:$C$58,0))),"")))) | O14: =IF($C14="","",IF($G14="Einstaklingsbundið",IFERROR(IF(INDEX('Undirviðmiðalisti (Lýsigögn)'!K$42:K$58,MATCH($C14,'Undirviðmiðalisti (Lýsigögn)'!$C$42:$C$58,0))="","",INDEX('Undirviðmiðalisti (Lýsigögn)'!K$42:K$58,MATCH($C14,'Undirviðmiðalisti (Lýsigögn)'!$C$42:$C$58,0))),""),IFERROR(IF(INDEX('Undirviðmiðalisti (Lýsigögn)'!K$6:K$41,MATCH($C14,'Undirviðmiðalisti (Lýsigögn)'!$C$6:$C$41,0))="","",INDEX('Undirviðmiðalisti (Lýsigögn)'!K$6:K$41,MATCH($C14,'Undirviðmiðalisti (Lýsigögn)'!$C$6:$C$41,0))),IFERROR(IF(INDEX('Undirviðmiðalisti (Lýsigögn)'!K$42:K$58,MATCH($C14,'Undirviðmiðalisti (Lýsigögn)'!$C$42:$C$58,0))="","",INDEX('Undirviðmiðalisti (Lýsigögn)'!K$42:K$58,MATCH($C14,'Undirviðmiðalisti (Lýsigögn)'!$C$42:$C$58,0))),"")))) | P14: =IF($C14="","",IF($G14="Einstaklingsbundið",IFERROR(IF(INDEX('Undirviðmiðalisti (Lýsigögn)'!L$42:L$58,MATCH($C14,'Undirviðmiðalisti (Lýsigögn)'!$C$42:$C$58,0))="","",INDEX('Undirviðmiðalisti (Lýsigögn)'!L$42:L$58,MATCH($C14,'Undirviðmiðalisti (Lýsigögn)'!$C$42:$C$58,0))),""),IFERROR(IF(INDEX('Undirviðmiðalisti (Lýsigögn)'!L$6:L$41,MATCH($C14,'Undirviðmiðalisti (Lýsigögn)'!$C$6:$C$41,0))="","",INDEX('Undirviðmiðalisti (Lýsigögn)'!L$6:L$41,MATCH($C14,'Undirviðmiðalisti (Lýsigögn)'!$C$6:$C$41,0))),IFERROR(IF(INDEX('Undirviðmiðalisti (Lýsigögn)'!L$42:L$58,MATCH($C14,'Undirviðmiðalisti (Lýsigögn)'!$C$42:$C$58,0))="","",INDEX('Undirviðmiðalisti (Lýsigögn)'!L$42:L$58,MATCH($C14,'Undirviðmiðalisti (Lýsigögn)'!$C$42:$C$58,0))),"")))) | Q14: =IF($C14="","",IF($G14="Einstaklingsbundið",IFERROR(IF(INDEX('Undirviðmiðalisti (Lýsigögn)'!M$42:M$58,MATCH($C14,'Undirviðmiðalisti (Lýsigögn)'!$C$42:$C$58,0))="","",INDEX('Undirviðmiðalisti (Lýsigögn)'!M$42:M$58,MATCH($C14,'Undirviðmiðalisti (Lýsigögn)'!$C$42:$C$58,0))),""),IFERROR(IF(INDEX('Undirviðmiðalisti (Lýsigögn)'!M$6:M$41,MATCH($C14,'Undirviðmiðalisti (Lýsigögn)'!$C$6:$C$41,0))="","",INDEX('Undirviðmiðalisti (Lýsigögn)'!M$6:M$41,MATCH($C14,'Undirviðmiðalisti (Lýsigögn)'!$C$6:$C$41,0))),IFERROR(IF(INDEX('Undirviðmiðalisti (Lýsigögn)'!M$42:M$58,MATCH($C14,'Undirviðmiðalisti (Lýsigögn)'!$C$42:$C$58,0))="","",INDEX('Undirviðmiðalisti (Lýsigögn)'!M$42:M$58,MATCH($C14,'Undirviðmiðalisti (Lýsigögn)'!$C$42:$C$58,0))),""))))
A15: =IF($B15="","",ROW()-5) | D15: =IF($C15="","",IF($G15="Einstaklingsbundið",IFERROR(IF(INDEX('Undirviðmiðalisti (Lýsigögn)'!$D$42:$D$58,MATCH($C15,'Undirviðmiðalisti (Lýsigögn)'!$C$42:$C$58,0))="","",INDEX('Undirviðmiðalisti (Lýsigögn)'!$D$42:$D$58,MATCH($C15,'Undirviðmiðalisti (Lýsigögn)'!$C$42:$C$58,0))),""),IFERROR(IF(INDEX('Undirviðmiðalisti (Lýsigögn)'!$D$6:$D$41,MATCH($C15,'Undirviðmiðalisti (Lýsigögn)'!$C$6:$C$41,0))="","",INDEX('Undirviðmiðalisti (Lýsigögn)'!$D$6:$D$41,MATCH($C15,'Undirviðmiðalisti (Lýsigögn)'!$C$6:$C$41,0))),IFERROR(IF(INDEX('Undirviðmiðalisti (Lýsigögn)'!$D$42:$D$58,MATCH($C15,'Undirviðmiðalisti (Lýsigögn)'!$C$42:$C$58,0))="","",INDEX('Undirviðmiðalisti (Lýsigögn)'!$D$42:$D$58,MATCH($C15,'Undirviðmiðalisti (Lýsigögn)'!$C$42:$C$58,0))),"")))) | F15: =IF($C15="","",IF($G15="Einstaklingsbundið",IFERROR(IF(INDEX('Undirviðmiðalisti (Lýsigögn)'!$E$42:$E$58,MATCH($C15,'Undirviðmiðalisti (Lýsigögn)'!$C$42:$C$58,0))="","",INDEX('Undirviðmiðalisti (Lýsigögn)'!$E$42:$E$58,MATCH($C15,'Undirviðmiðalisti (Lýsigögn)'!$C$42:$C$58,0))),""),IFERROR(IF(INDEX('Undirviðmiðalisti (Lýsigögn)'!$E$6:$E$41,MATCH($C15,'Undirviðmiðalisti (Lýsigögn)'!$C$6:$C$41,0))="","",INDEX('Undirviðmiðalisti (Lýsigögn)'!$E$6:$E$41,MATCH($C15,'Undirviðmiðalisti (Lýsigögn)'!$C$6:$C$41,0))),IFERROR(IF(INDEX('Undirviðmiðalisti (Lýsigögn)'!$E$42:$E$58,MATCH($C15,'Undirviðmiðalisti (Lýsigögn)'!$C$42:$C$58,0))="","",INDEX('Undirviðmiðalisti (Lýsigögn)'!$E$42:$E$58,MATCH($C15,'Undirviðmiðalisti (Lýsigögn)'!$C$42:$C$58,0))),"")))) | G15: =IFERROR(IF(B15="","",INDEX(Viðmið!$B$6:$B$10,MATCH(B15,Viðmið!$C$6:$C$10,0))),"") | H15: =IF(OR(E15="",F15=""),"",E15*KVARDI) | I15: =IF(B15="","",IF(ROUND(SUMIF($B$6:$B$205,B15,$E$6:$E$205),4)=ROUND(IFERROR(INDEX(Viðmið!$E$6:$E$10,MATCH(B15,Viðmið!$C$6:$C$10,0)),-1),4),"✓","✗")) | J15: =IF($C15="","",IF($G15="Einstaklingsbundið",IFERROR(IF(INDEX('Undirviðmiðalisti (Lýsigögn)'!F$42:F$58,MATCH($C15,'Undirviðmiðalisti (Lýsigögn)'!$C$42:$C$58,0))="","",INDEX('Undirviðmiðalisti (Lýsigögn)'!F$42:F$58,MATCH($C15,'Undirviðmiðalisti (Lýsigögn)'!$C$42:$C$58,0))),""),IFERROR(IF(INDEX('Undirviðmiðalisti (Lýsigögn)'!F$6:F$41,MATCH($C15,'Undirviðmiðalisti (Lýsigögn)'!$C$6:$C$41,0))="","",INDEX('Undirviðmiðalisti (Lýsigögn)'!F$6:F$41,MATCH($C15,'Undirviðmiðalisti (Lýsigögn)'!$C$6:$C$41,0))),IFERROR(IF(INDEX('Undirviðmiðalisti (Lýsigögn)'!F$42:F$58,MATCH($C15,'Undirviðmiðalisti (Lýsigögn)'!$C$42:$C$58,0))="","",INDEX('Undirviðmiðalisti (Lýsigögn)'!F$42:F$58,MATCH($C15,'Undirviðmiðalisti (Lýsigögn)'!$C$42:$C$58,0))),"")))) | K15: =IF($C15="","",IF($G15="Einstaklingsbundið",IFERROR(IF(INDEX('Undirviðmiðalisti (Lýsigögn)'!G$42:G$58,MATCH($C15,'Undirviðmiðalisti (Lýsigögn)'!$C$42:$C$58,0))="","",INDEX('Undirviðmiðalisti (Lýsigögn)'!G$42:G$58,MATCH($C15,'Undirviðmiðalisti (Lýsigögn)'!$C$42:$C$58,0))),""),IFERROR(IF(INDEX('Undirviðmiðalisti (Lýsigögn)'!G$6:G$41,MATCH($C15,'Undirviðmiðalisti (Lýsigögn)'!$C$6:$C$41,0))="","",INDEX('Undirviðmiðalisti (Lýsigögn)'!G$6:G$41,MATCH($C15,'Undirviðmiðalisti (Lýsigögn)'!$C$6:$C$41,0))),IFERROR(IF(INDEX('Undirviðmiðalisti (Lýsigögn)'!G$42:G$58,MATCH($C15,'Undirviðmiðalisti (Lýsigögn)'!$C$42:$C$58,0))="","",INDEX('Undirviðmiðalisti (Lýsigögn)'!G$42:G$58,MATCH($C15,'Undirviðmiðalisti (Lýsigögn)'!$C$42:$C$58,0))),"")))) | L15: =IF($C15="","",IF($G15="Einstaklingsbundið",IFERROR(IF(INDEX('Undirviðmiðalisti (Lýsigögn)'!H$42:H$58,MATCH($C15,'Undirviðmiðalisti (Lýsigögn)'!$C$42:$C$58,0))="","",INDEX('Undirviðmiðalisti (Lýsigögn)'!H$42:H$58,MATCH($C15,'Undirviðmiðalisti (Lýsigögn)'!$C$42:$C$58,0))),""),IFERROR(IF(INDEX('Undirviðmiðalisti (Lýsigögn)'!H$6:H$41,MATCH($C15,'Undirviðmiðalisti (Lýsigögn)'!$C$6:$C$41,0))="","",INDEX('Undirviðmiðalisti (Lýsigögn)'!H$6:H$41,MATCH($C15,'Undirviðmiðalisti (Lýsigögn)'!$C$6:$C$41,0))),IFERROR(IF(INDEX('Undirviðmiðalisti (Lýsigögn)'!H$42:H$58,MATCH($C15,'Undirviðmiðalisti (Lýsigögn)'!$C$42:$C$58,0))="","",INDEX('Undirviðmiðalisti (Lýsigögn)'!H$42:H$58,MATCH($C15,'Undirviðmiðalisti (Lýsigögn)'!$C$42:$C$58,0))),"")))) | M15: =IF($C15="","",IF($G15="Einstaklingsbundið",IFERROR(IF(INDEX('Undirviðmiðalisti (Lýsigögn)'!I$42:I$58,MATCH($C15,'Undirviðmiðalisti (Lýsigögn)'!$C$42:$C$58,0))="","",INDEX('Undirviðmiðalisti (Lýsigögn)'!I$42:I$58,MATCH($C15,'Undirviðmiðalisti (Lýsigögn)'!$C$42:$C$58,0))),""),IFERROR(IF(INDEX('Undirviðmiðalisti (Lýsigögn)'!I$6:I$41,MATCH($C15,'Undirviðmiðalisti (Lýsigögn)'!$C$6:$C$41,0))="","",INDEX('Undirviðmiðalisti (Lýsigögn)'!I$6:I$41,MATCH($C15,'Undirviðmiðalisti (Lýsigögn)'!$C$6:$C$41,0))),IFERROR(IF(INDEX('Undirviðmiðalisti (Lýsigögn)'!I$42:I$58,MATCH($C15,'Undirviðmiðalisti (Lýsigögn)'!$C$42:$C$58,0))="","",INDEX('Undirviðmiðalisti (Lýsigögn)'!I$42:I$58,MATCH($C15,'Undirviðmiðalisti (Lýsigögn)'!$C$42:$C$58,0))),"")))) | N15: =IF($C15="","",IF($G15="Einstaklingsbundið",IFERROR(IF(INDEX('Undirviðmiðalisti (Lýsigögn)'!J$42:J$58,MATCH($C15,'Undirviðmiðalisti (Lýsigögn)'!$C$42:$C$58,0))="","",INDEX('Undirviðmiðalisti (Lýsigögn)'!J$42:J$58,MATCH($C15,'Undirviðmiðalisti (Lýsigögn)'!$C$42:$C$58,0))),""),IFERROR(IF(INDEX('Undirviðmiðalisti (Lýsigögn)'!J$6:J$41,MATCH($C15,'Undirviðmiðalisti (Lýsigögn)'!$C$6:$C$41,0))="","",INDEX('Undirviðmiðalisti (Lýsigögn)'!J$6:J$41,MATCH($C15,'Undirviðmiðalisti (Lýsigögn)'!$C$6:$C$41,0))),IFERROR(IF(INDEX('Undirviðmiðalisti (Lýsigögn)'!J$42:J$58,MATCH($C15,'Undirviðmiðalisti (Lýsigögn)'!$C$42:$C$58,0))="","",INDEX('Undirviðmiðalisti (Lýsigögn)'!J$42:J$58,MATCH($C15,'Undirviðmiðalisti (Lýsigögn)'!$C$42:$C$58,0))),"")))) | O15: =IF($C15="","",IF($G15="Einstaklingsbundið",IFERROR(IF(INDEX('Undirviðmiðalisti (Lýsigögn)'!K$42:K$58,MATCH($C15,'Undirviðmiðalisti (Lýsigögn)'!$C$42:$C$58,0))="","",INDEX('Undirviðmiðalisti (Lýsigögn)'!K$42:K$58,MATCH($C15,'Undirviðmiðalisti (Lýsigögn)'!$C$42:$C$58,0))),""),IFERROR(IF(INDEX('Undirviðmiðalisti (Lýsigögn)'!K$6:K$41,MATCH($C15,'Undirviðmiðalisti (Lýsigögn)'!$C$6:$C$41,0))="","",INDEX('Undirviðmiðalisti (Lýsigögn)'!K$6:K$41,MATCH($C15,'Undirviðmiðalisti (Lýsigögn)'!$C$6:$C$41,0))),IFERROR(IF(INDEX('Undirviðmiðalisti (Lýsigögn)'!K$42:K$58,MATCH($C15,'Undirviðmiðalisti (Lýsigögn)'!$C$42:$C$58,0))="","",INDEX('Undirviðmiðalisti (Lýsigögn)'!K$42:K$58,MATCH($C15,'Undirviðmiðalisti (Lýsigögn)'!$C$42:$C$58,0))),"")))) | P15: =IF($C15="","",IF($G15="Einstaklingsbundið",IFERROR(IF(INDEX('Undirviðmiðalisti (Lýsigögn)'!L$42:L$58,MATCH($C15,'Undirviðmiðalisti (Lýsigögn)'!$C$42:$C$58,0))="","",INDEX('Undirviðmiðalisti (Lýsigögn)'!L$42:L$58,MATCH($C15,'Undirviðmiðalisti (Lýsigögn)'!$C$42:$C$58,0))),""),IFERROR(IF(INDEX('Undirviðmiðalisti (Lýsigögn)'!L$6:L$41,MATCH($C15,'Undirviðmiðalisti (Lýsigögn)'!$C$6:$C$41,0))="","",INDEX('Undirviðmiðalisti (Lýsigögn)'!L$6:L$41,MATCH($C15,'Undirviðmiðalisti (Lýsigögn)'!$C$6:$C$41,0))),IFERROR(IF(INDEX('Undirviðmiðalisti (Lýsigögn)'!L$42:L$58,MATCH($C15,'Undirviðmiðalisti (Lýsigögn)'!$C$42:$C$58,0))="","",INDEX('Undirviðmiðalisti (Lýsigögn)'!L$42:L$58,MATCH($C15,'Undirviðmiðalisti (Lýsigögn)'!$C$42:$C$58,0))),"")))) | Q15: =IF($C15="","",IF($G15="Einstaklingsbundið",IFERROR(IF(INDEX('Undirviðmiðalisti (Lýsigögn)'!M$42:M$58,MATCH($C15,'Undirviðmiðalisti (Lýsigögn)'!$C$42:$C$58,0))="","",INDEX('Undirviðmiðalisti (Lýsigögn)'!M$42:M$58,MATCH($C15,'Undirviðmiðalisti (Lýsigögn)'!$C$42:$C$58,0))),""),IFERROR(IF(INDEX('Undirviðmiðalisti (Lýsigögn)'!M$6:M$41,MATCH($C15,'Undirviðmiðalisti (Lýsigögn)'!$C$6:$C$41,0))="","",INDEX('Undirviðmiðalisti (Lýsigögn)'!M$6:M$41,MATCH($C15,'Undirviðmiðalisti (Lýsigögn)'!$C$6:$C$41,0))),IFERROR(IF(INDEX('Undirviðmiðalisti (Lýsigögn)'!M$42:M$58,MATCH($C15,'Undirviðmiðalisti (Lýsigögn)'!$C$42:$C$58,0))="","",INDEX('Undirviðmiðalisti (Lýsigögn)'!M$42:M$58,MATCH($C15,'Undirviðmiðalisti (Lýsigögn)'!$C$42:$C$58,0))),""))))
A16: =IF($B16="","",ROW()-5) | D16: =IF($C16="","",IF($G16="Einstaklingsbundið",IFERROR(IF(INDEX('Undirviðmiðalisti (Lýsigögn)'!$D$42:$D$58,MATCH($C16,'Undirviðmiðalisti (Lýsigögn)'!$C$42:$C$58,0))="","",INDEX('Undirviðmiðalisti (Lýsigögn)'!$D$42:$D$58,MATCH($C16,'Undirviðmiðalisti (Lýsigögn)'!$C$42:$C$58,0))),""),IFERROR(IF(INDEX('Undirviðmiðalisti (Lýsigögn)'!$D$6:$D$41,MATCH($C16,'Undirviðmiðalisti (Lýsigögn)'!$C$6:$C$41,0))="","",INDEX('Undirviðmiðalisti (Lýsigögn)'!$D$6:$D$41,MATCH($C16,'Undirviðmiðalisti (Lýsigögn)'!$C$6:$C$41,0))),IFERROR(IF(INDEX('Undirviðmiðalisti (Lýsigögn)'!$D$42:$D$58,MATCH($C16,'Undirviðmiðalisti (Lýsigögn)'!$C$42:$C$58,0))="","",INDEX('Undirviðmiðalisti (Lýsigögn)'!$D$42:$D$58,MATCH($C16,'Undirviðmiðalisti (Lýsigögn)'!$C$42:$C$58,0))),"")))) | F16: =IF($C16="","",IF($G16="Einstaklingsbundið",IFERROR(IF(INDEX('Undirviðmiðalisti (Lýsigögn)'!$E$42:$E$58,MATCH($C16,'Undirviðmiðalisti (Lýsigögn)'!$C$42:$C$58,0))="","",INDEX('Undirviðmiðalisti (Lýsigögn)'!$E$42:$E$58,MATCH($C16,'Undirviðmiðalisti (Lýsigögn)'!$C$42:$C$58,0))),""),IFERROR(IF(INDEX('Undirviðmiðalisti (Lýsigögn)'!$E$6:$E$41,MATCH($C16,'Undirviðmiðalisti (Lýsigögn)'!$C$6:$C$41,0))="","",INDEX('Undirviðmiðalisti (Lýsigögn)'!$E$6:$E$41,MATCH($C16,'Undirviðmiðalisti (Lýsigögn)'!$C$6:$C$41,0))),IFERROR(IF(INDEX('Undirviðmiðalisti (Lýsigögn)'!$E$42:$E$58,MATCH($C16,'Undirviðmiðalisti (Lýsigögn)'!$C$42:$C$58,0))="","",INDEX('Undirviðmiðalisti (Lýsigögn)'!$E$42:$E$58,MATCH($C16,'Undirviðmiðalisti (Lýsigögn)'!$C$42:$C$58,0))),"")))) | G16: =IFERROR(IF(B16="","",INDEX(Viðmið!$B$6:$B$10,MATCH(B16,Viðmið!$C$6:$C$10,0))),"") | H16: =IF(OR(E16="",F16=""),"",E16*KVARDI) | I16: =IF(B16="","",IF(ROUND(SUMIF($B$6:$B$205,B16,$E$6:$E$205),4)=ROUND(IFERROR(INDEX(Viðmið!$E$6:$E$10,MATCH(B16,Viðmið!$C$6:$C$10,0)),-1),4),"✓","✗")) | J16: =IF($C16="","",IF($G16="Einstaklingsbundið",IFERROR(IF(INDEX('Undirviðmiðalisti (Lýsigögn)'!F$42:F$58,MATCH($C16,'Undirviðmiðalisti (Lýsigögn)'!$C$42:$C$58,0))="","",INDEX('Undirviðmiðalisti (Lýsigögn)'!F$42:F$58,MATCH($C16,'Undirviðmiðalisti (Lýsigögn)'!$C$42:$C$58,0))),""),IFERROR(IF(INDEX('Undirviðmiðalisti (Lýsigögn)'!F$6:F$41,MATCH($C16,'Undirviðmiðalisti (Lýsigögn)'!$C$6:$C$41,0))="","",INDEX('Undirviðmiðalisti (Lýsigögn)'!F$6:F$41,MATCH($C16,'Undirviðmiðalisti (Lýsigögn)'!$C$6:$C$41,0))),IFERROR(IF(INDEX('Undirviðmiðalisti (Lýsigögn)'!F$42:F$58,MATCH($C16,'Undirviðmiðalisti (Lýsigögn)'!$C$42:$C$58,0))="","",INDEX('Undirviðmiðalisti (Lýsigögn)'!F$42:F$58,MATCH($C16,'Undirviðmiðalisti (Lýsigögn)'!$C$42:$C$58,0))),"")))) | K16: =IF($C16="","",IF($G16="Einstaklingsbundið",IFERROR(IF(INDEX('Undirviðmiðalisti (Lýsigögn)'!G$42:G$58,MATCH($C16,'Undirviðmiðalisti (Lýsigögn)'!$C$42:$C$58,0))="","",INDEX('Undirviðmiðalisti (Lýsigögn)'!G$42:G$58,MATCH($C16,'Undirviðmiðalisti (Lýsigögn)'!$C$42:$C$58,0))),""),IFERROR(IF(INDEX('Undirviðmiðalisti (Lýsigögn)'!G$6:G$41,MATCH($C16,'Undirviðmiðalisti (Lýsigögn)'!$C$6:$C$41,0))="","",INDEX('Undirviðmiðalisti (Lýsigögn)'!G$6:G$41,MATCH($C16,'Undirviðmiðalisti (Lýsigögn)'!$C$6:$C$41,0))),IFERROR(IF(INDEX('Undirviðmiðalisti (Lýsigögn)'!G$42:G$58,MATCH($C16,'Undirviðmiðalisti (Lýsigögn)'!$C$42:$C$58,0))="","",INDEX('Undirviðmiðalisti (Lýsigögn)'!G$42:G$58,MATCH($C16,'Undirviðmiðalisti (Lýsigögn)'!$C$42:$C$58,0))),"")))) | L16: =IF($C16="","",IF($G16="Einstaklingsbundið",IFERROR(IF(INDEX('Undirviðmiðalisti (Lýsigögn)'!H$42:H$58,MATCH($C16,'Undirviðmiðalisti (Lýsigögn)'!$C$42:$C$58,0))="","",INDEX('Undirviðmiðalisti (Lýsigögn)'!H$42:H$58,MATCH($C16,'Undirviðmiðalisti (Lýsigögn)'!$C$42:$C$58,0))),""),IFERROR(IF(INDEX('Undirviðmiðalisti (Lýsigögn)'!H$6:H$41,MATCH($C16,'Undirviðmiðalisti (Lýsigögn)'!$C$6:$C$41,0))="","",INDEX('Undirviðmiðalisti (Lýsigögn)'!H$6:H$41,MATCH($C16,'Undirviðmiðalisti (Lýsigögn)'!$C$6:$C$41,0))),IFERROR(IF(INDEX('Undirviðmiðalisti (Lýsigögn)'!H$42:H$58,MATCH($C16,'Undirviðmiðalisti (Lýsigögn)'!$C$42:$C$58,0))="","",INDEX('Undirviðmiðalisti (Lýsigögn)'!H$42:H$58,MATCH($C16,'Undirviðmiðalisti (Lýsigögn)'!$C$42:$C$58,0))),"")))) | M16: =IF($C16="","",IF($G16="Einstaklingsbundið",IFERROR(IF(INDEX('Undirviðmiðalisti (Lýsigögn)'!I$42:I$58,MATCH($C16,'Undirviðmiðalisti (Lýsigögn)'!$C$42:$C$58,0))="","",INDEX('Undirviðmiðalisti (Lýsigögn)'!I$42:I$58,MATCH($C16,'Undirviðmiðalisti (Lýsigögn)'!$C$42:$C$58,0))),""),IFERROR(IF(INDEX('Undirviðmiðalisti (Lýsigögn)'!I$6:I$41,MATCH($C16,'Undirviðmiðalisti (Lýsigögn)'!$C$6:$C$41,0))="","",INDEX('Undirviðmiðalisti (Lýsigögn)'!I$6:I$41,MATCH($C16,'Undirviðmiðalisti (Lýsigögn)'!$C$6:$C$41,0))),IFERROR(IF(INDEX('Undirviðmiðalisti (Lýsigögn)'!I$42:I$58,MATCH($C16,'Undirviðmiðalisti (Lýsigögn)'!$C$42:$C$58,0))="","",INDEX('Undirviðmiðalisti (Lýsigögn)'!I$42:I$58,MATCH($C16,'Undirviðmiðalisti (Lýsigögn)'!$C$42:$C$58,0))),"")))) | N16: =IF($C16="","",IF($G16="Einstaklingsbundið",IFERROR(IF(INDEX('Undirviðmiðalisti (Lýsigögn)'!J$42:J$58,MATCH($C16,'Undirviðmiðalisti (Lýsigögn)'!$C$42:$C$58,0))="","",INDEX('Undirviðmiðalisti (Lýsigögn)'!J$42:J$58,MATCH($C16,'Undirviðmiðalisti (Lýsigögn)'!$C$42:$C$58,0))),""),IFERROR(IF(INDEX('Undirviðmiðalisti (Lýsigögn)'!J$6:J$41,MATCH($C16,'Undirviðmiðalisti (Lýsigögn)'!$C$6:$C$41,0))="","",INDEX('Undirviðmiðalisti (Lýsigögn)'!J$6:J$41,MATCH($C16,'Undirviðmiðalisti (Lýsigögn)'!$C$6:$C$41,0))),IFERROR(IF(INDEX('Undirviðmiðalisti (Lýsigögn)'!J$42:J$58,MATCH($C16,'Undirviðmiðalisti (Lýsigögn)'!$C$42:$C$58,0))="","",INDEX('Undirviðmiðalisti (Lýsigögn)'!J$42:J$58,MATCH($C16,'Undirviðmiðalisti (Lýsigögn)'!$C$42:$C$58,0))),"")))) | O16: =IF($C16="","",IF($G16="Einstaklingsbundið",IFERROR(IF(INDEX('Undirviðmiðalisti (Lýsigögn)'!K$42:K$58,MATCH($C16,'Undirviðmiðalisti (Lýsigögn)'!$C$42:$C$58,0))="","",INDEX('Undirviðmiðalisti (Lýsigögn)'!K$42:K$58,MATCH($C16,'Undirviðmiðalisti (Lýsigögn)'!$C$42:$C$58,0))),""),IFERROR(IF(INDEX('Undirviðmiðalisti (Lýsigögn)'!K$6:K$41,MATCH($C16,'Undirviðmiðalisti (Lýsigögn)'!$C$6:$C$41,0))="","",INDEX('Undirviðmiðalisti (Lýsigögn)'!K$6:K$41,MATCH($C16,'Undirviðmiðalisti (Lýsigögn)'!$C$6:$C$41,0))),IFERROR(IF(INDEX('Undirviðmiðalisti (Lýsigögn)'!K$42:K$58,MATCH($C16,'Undirviðmiðalisti (Lýsigögn)'!$C$42:$C$58,0))="","",INDEX('Undirviðmiðalisti (Lýsigögn)'!K$42:K$58,MATCH($C16,'Undirviðmiðalisti (Lýsigögn)'!$C$42:$C$58,0))),"")))) | P16: =IF($C16="","",IF($G16="Einstaklingsbundið",IFERROR(IF(INDEX('Undirviðmiðalisti (Lýsigögn)'!L$42:L$58,MATCH($C16,'Undirviðmiðalisti (Lýsigögn)'!$C$42:$C$58,0))="","",INDEX('Undirviðmiðalisti (Lýsigögn)'!L$42:L$58,MATCH($C16,'Undirviðmiðalisti (Lýsigögn)'!$C$42:$C$58,0))),""),IFERROR(IF(INDEX('Undirviðmiðalisti (Lýsigögn)'!L$6:L$41,MATCH($C16,'Undirviðmiðalisti (Lýsigögn)'!$C$6:$C$41,0))="","",INDEX('Undirviðmiðalisti (Lýsigögn)'!L$6:L$41,MATCH($C16,'Undirviðmiðalisti (Lýsigögn)'!$C$6:$C$41,0))),IFERROR(IF(INDEX('Undirviðmiðalisti (Lýsigögn)'!L$42:L$58,MATCH($C16,'Undirviðmiðalisti (Lýsigögn)'!$C$42:$C$58,0))="","",INDEX('Undirviðmiðalisti (Lýsigögn)'!L$42:L$58,MATCH($C16,'Undirviðmiðalisti (Lýsigögn)'!$C$42:$C$58,0))),"")))) | Q16: =IF($C16="","",IF($G16="Einstaklingsbundið",IFERROR(IF(INDEX('Undirviðmiðalisti (Lýsigögn)'!M$42:M$58,MATCH($C16,'Undirviðmiðalisti (Lýsigögn)'!$C$42:$C$58,0))="","",INDEX('Undirviðmiðalisti (Lýsigögn)'!M$42:M$58,MATCH($C16,'Undirviðmiðalisti (Lýsigögn)'!$C$42:$C$58,0))),""),IFERROR(IF(INDEX('Undirviðmiðalisti (Lýsigögn)'!M$6:M$41,MATCH($C16,'Undirviðmiðalisti (Lýsigögn)'!$C$6:$C$41,0))="","",INDEX('Undirviðmiðalisti (Lýsigögn)'!M$6:M$41,MATCH($C16,'Undirviðmiðalisti (Lýsigögn)'!$C$6:$C$41,0))),IFERROR(IF(INDEX('Undirviðmiðalisti (Lýsigögn)'!M$42:M$58,MATCH($C16,'Undirviðmiðalisti (Lýsigögn)'!$C$42:$C$58,0))="","",INDEX('Undirviðmiðalisti (Lýsigögn)'!M$42:M$58,MATCH($C16,'Undirviðmiðalisti (Lýsigögn)'!$C$42:$C$58,0))),""))))
A17: =IF($B17="","",ROW()-5) | D17: =IF($C17="","",IF($G17="Einstaklingsbundið",IFERROR(IF(INDEX('Undirviðmiðalisti (Lýsigögn)'!$D$42:$D$58,MATCH($C17,'Undirviðmiðalisti (Lýsigögn)'!$C$42:$C$58,0))="","",INDEX('Undirviðmiðalisti (Lýsigögn)'!$D$42:$D$58,MATCH($C17,'Undirviðmiðalisti (Lýsigögn)'!$C$42:$C$58,0))),""),IFERROR(IF(INDEX('Undirviðmiðalisti (Lýsigögn)'!$D$6:$D$41,MATCH($C17,'Undirviðmiðalisti (Lýsigögn)'!$C$6:$C$41,0))="","",INDEX('Undirviðmiðalisti (Lýsigögn)'!$D$6:$D$41,MATCH($C17,'Undirviðmiðalisti (Lýsigögn)'!$C$6:$C$41,0))),IFERROR(IF(INDEX('Undirviðmiðalisti (Lýsigögn)'!$D$42:$D$58,MATCH($C17,'Undirviðmiðalisti (Lýsigögn)'!$C$42:$C$58,0))="","",INDEX('Undirviðmiðalisti (Lýsigögn)'!$D$42:$D$58,MATCH($C17,'Undirviðmiðalisti (Lýsigögn)'!$C$42:$C$58,0))),"")))) | F17: =IF($C17="","",IF($G17="Einstaklingsbundið",IFERROR(IF(INDEX('Undirviðmiðalisti (Lýsigögn)'!$E$42:$E$58,MATCH($C17,'Undirviðmiðalisti (Lýsigögn)'!$C$42:$C$58,0))="","",INDEX('Undirviðmiðalisti (Lýsigögn)'!$E$42:$E$58,MATCH($C17,'Undirviðmiðalisti (Lýsigögn)'!$C$42:$C$58,0))),""),IFERROR(IF(INDEX('Undirviðmiðalisti (Lýsigögn)'!$E$6:$E$41,MATCH($C17,'Undirviðmiðalisti (Lýsigögn)'!$C$6:$C$41,0))="","",INDEX('Undirviðmiðalisti (Lýsigögn)'!$E$6:$E$41,MATCH($C17,'Undirviðmiðalisti (Lýsigögn)'!$C$6:$C$41,0))),IFERROR(IF(INDEX('Undirviðmiðalisti (Lýsigögn)'!$E$42:$E$58,MATCH($C17,'Undirviðmiðalisti (Lýsigögn)'!$C$42:$C$58,0))="","",INDEX('Undirviðmiðalisti (Lýsigögn)'!$E$42:$E$58,MATCH($C17,'Undirviðmiðalisti (Lýsigögn)'!$C$42:$C$58,0))),"")))) | G17: =IFERROR(IF(B17="","",INDEX(Viðmið!$B$6:$B$10,MATCH(B17,Viðmið!$C$6:$C$10,0))),"") | H17: =IF(OR(E17="",F17=""),"",E17*KVARDI) | I17: =IF(B17="","",IF(ROUND(SUMIF($B$6:$B$205,B17,$E$6:$E$205),4)=ROUND(IFERROR(INDEX(Viðmið!$E$6:$E$10,MATCH(B17,Viðmið!$C$6:$C$10,0)),-1),4),"✓","✗")) | J17: =IF($C17="","",IF($G17="Einstaklingsbundið",IFERROR(IF(INDEX('Undirviðmiðalisti (Lýsigögn)'!F$42:F$58,MATCH($C17,'Undirviðmiðalisti (Lýsigögn)'!$C$42:$C$58,0))="","",INDEX('Undirviðmiðalisti (Lýsigögn)'!F$42:F$58,MATCH($C17,'Undirviðmiðalisti (Lýsigögn)'!$C$42:$C$58,0))),""),IFERROR(IF(INDEX('Undirviðmiðalisti (Lýsigögn)'!F$6:F$41,MATCH($C17,'Undirviðmiðalisti (Lýsigögn)'!$C$6:$C$41,0))="","",INDEX('Undirviðmiðalisti (Lýsigögn)'!F$6:F$41,MATCH($C17,'Undirviðmiðalisti (Lýsigögn)'!$C$6:$C$41,0))),IFERROR(IF(INDEX('Undirviðmiðalisti (Lýsigögn)'!F$42:F$58,MATCH($C17,'Undirviðmiðalisti (Lýsigögn)'!$C$42:$C$58,0))="","",INDEX('Undirviðmiðalisti (Lýsigögn)'!F$42:F$58,MATCH($C17,'Undirviðmiðalisti (Lýsigögn)'!$C$42:$C$58,0))),"")))) | K17: =IF($C17="","",IF($G17="Einstaklingsbundið",IFERROR(IF(INDEX('Undirviðmiðalisti (Lýsigögn)'!G$42:G$58,MATCH($C17,'Undirviðmiðalisti (Lýsigögn)'!$C$42:$C$58,0))="","",INDEX('Undirviðmiðalisti (Lýsigögn)'!G$42:G$58,MATCH($C17,'Undirviðmiðalisti (Lýsigögn)'!$C$42:$C$58,0))),""),IFERROR(IF(INDEX('Undirviðmiðalisti (Lýsigögn)'!G$6:G$41,MATCH($C17,'Undirviðmiðalisti (Lýsigögn)'!$C$6:$C$41,0))="","",INDEX('Undirviðmiðalisti (Lýsigögn)'!G$6:G$41,MATCH($C17,'Undirviðmiðalisti (Lýsigögn)'!$C$6:$C$41,0))),IFERROR(IF(INDEX('Undirviðmiðalisti (Lýsigögn)'!G$42:G$58,MATCH($C17,'Undirviðmiðalisti (Lýsigögn)'!$C$42:$C$58,0))="","",INDEX('Undirviðmiðalisti (Lýsigögn)'!G$42:G$58,MATCH($C17,'Undirviðmiðalisti (Lýsigögn)'!$C$42:$C$58,0))),"")))) | L17: =IF($C17="","",IF($G17="Einstaklingsbundið",IFERROR(IF(INDEX('Undirviðmiðalisti (Lýsigögn)'!H$42:H$58,MATCH($C17,'Undirviðmiðalisti (Lýsigögn)'!$C$42:$C$58,0))="","",INDEX('Undirviðmiðalisti (Lýsigögn)'!H$42:H$58,MATCH($C17,'Undirviðmiðalisti (Lýsigögn)'!$C$42:$C$58,0))),""),IFERROR(IF(INDEX('Undirviðmiðalisti (Lýsigögn)'!H$6:H$41,MATCH($C17,'Undirviðmiðalisti (Lýsigögn)'!$C$6:$C$41,0))="","",INDEX('Undirviðmiðalisti (Lýsigögn)'!H$6:H$41,MATCH($C17,'Undirviðmiðalisti (Lýsigögn)'!$C$6:$C$41,0))),IFERROR(IF(INDEX('Undirviðmiðalisti (Lýsigögn)'!H$42:H$58,MATCH($C17,'Undirviðmiðalisti (Lýsigögn)'!$C$42:$C$58,0))="","",INDEX('Undirviðmiðalisti (Lýsigögn)'!H$42:H$58,MATCH($C17,'Undirviðmiðalisti (Lýsigögn)'!$C$42:$C$58,0))),"")))) | M17: =IF($C17="","",IF($G17="Einstaklingsbundið",IFERROR(IF(INDEX('Undirviðmiðalisti (Lýsigögn)'!I$42:I$58,MATCH($C17,'Undirviðmiðalisti (Lýsigögn)'!$C$42:$C$58,0))="","",INDEX('Undirviðmiðalisti (Lýsigögn)'!I$42:I$58,MATCH($C17,'Undirviðmiðalisti (Lýsigögn)'!$C$42:$C$58,0))),""),IFERROR(IF(INDEX('Undirviðmiðalisti (Lýsigögn)'!I$6:I$41,MATCH($C17,'Undirviðmiðalisti (Lýsigögn)'!$C$6:$C$41,0))="","",INDEX('Undirviðmiðalisti (Lýsigögn)'!I$6:I$41,MATCH($C17,'Undirviðmiðalisti (Lýsigögn)'!$C$6:$C$41,0))),IFERROR(IF(INDEX('Undirviðmiðalisti (Lýsigögn)'!I$42:I$58,MATCH($C17,'Undirviðmiðalisti (Lýsigögn)'!$C$42:$C$58,0))="","",INDEX('Undirviðmiðalisti (Lýsigögn)'!I$42:I$58,MATCH($C17,'Undirviðmiðalisti (Lýsigögn)'!$C$42:$C$58,0))),"")))) | N17: =IF($C17="","",IF($G17="Einstaklingsbundið",IFERROR(IF(INDEX('Undirviðmiðalisti (Lýsigögn)'!J$42:J$58,MATCH($C17,'Undirviðmiðalisti (Lýsigögn)'!$C$42:$C$58,0))="","",INDEX('Undirviðmiðalisti (Lýsigögn)'!J$42:J$58,MATCH($C17,'Undirviðmiðalisti (Lýsigögn)'!$C$42:$C$58,0))),""),IFERROR(IF(INDEX('Undirviðmiðalisti (Lýsigögn)'!J$6:J$41,MATCH($C17,'Undirviðmiðalisti (Lýsigögn)'!$C$6:$C$41,0))="","",INDEX('Undirviðmiðalisti (Lýsigögn)'!J$6:J$41,MATCH($C17,'Undirviðmiðalisti (Lýsigögn)'!$C$6:$C$41,0))),IFERROR(IF(INDEX('Undirviðmiðalisti (Lýsigögn)'!J$42:J$58,MATCH($C17,'Undirviðmiðalisti (Lýsigögn)'!$C$42:$C$58,0))="","",INDEX('Undirviðmiðalisti (Lýsigögn)'!J$42:J$58,MATCH($C17,'Undirviðmiðalisti (Lýsigögn)'!$C$42:$C$58,0))),"")))) | O17: =IF($C17="","",IF($G17="Einstaklingsbundið",IFERROR(IF(INDEX('Undirviðmiðalisti (Lýsigögn)'!K$42:K$58,MATCH($C17,'Undirviðmiðalisti (Lýsigögn)'!$C$42:$C$58,0))="","",INDEX('Undirviðmiðalisti (Lýsigögn)'!K$42:K$58,MATCH($C17,'Undirviðmiðalisti (Lýsigögn)'!$C$42:$C$58,0))),""),IFERROR(IF(INDEX('Undirviðmiðalisti (Lýsigögn)'!K$6:K$41,MATCH($C17,'Undirviðmiðalisti (Lýsigögn)'!$C$6:$C$41,0))="","",INDEX('Undirviðmiðalisti (Lýsigögn)'!K$6:K$41,MATCH($C17,'Undirviðmiðalisti (Lýsigögn)'!$C$6:$C$41,0))),IFERROR(IF(INDEX('Undirviðmiðalisti (Lýsigögn)'!K$42:K$58,MATCH($C17,'Undirviðmiðalisti (Lýsigögn)'!$C$42:$C$58,0))="","",INDEX('Undirviðmiðalisti (Lýsigögn)'!K$42:K$58,MATCH($C17,'Undirviðmiðalisti (Lýsigögn)'!$C$42:$C$58,0))),"")))) | P17: =IF($C17="","",IF($G17="Einstaklingsbundið",IFERROR(IF(INDEX('Undirviðmiðalisti (Lýsigögn)'!L$42:L$58,MATCH($C17,'Undirviðmiðalisti (Lýsigögn)'!$C$42:$C$58,0))="","",INDEX('Undirviðmiðalisti (Lýsigögn)'!L$42:L$58,MATCH($C17,'Undirviðmiðalisti (Lýsigögn)'!$C$42:$C$58,0))),""),IFERROR(IF(INDEX('Undirviðmiðalisti (Lýsigögn)'!L$6:L$41,MATCH($C17,'Undirviðmiðalisti (Lýsigögn)'!$C$6:$C$41,0))="","",INDEX('Undirviðmiðalisti (Lýsigögn)'!L$6:L$41,MATCH($C17,'Undirviðmiðalisti (Lýsigögn)'!$C$6:$C$41,0))),IFERROR(IF(INDEX('Undirviðmiðalisti (Lýsigögn)'!L$42:L$58,MATCH($C17,'Undirviðmiðalisti (Lýsigögn)'!$C$42:$C$58,0))="","",INDEX('Undirviðmiðalisti (Lýsigögn)'!L$42:L$58,MATCH($C17,'Undirviðmiðalisti (Lýsigögn)'!$C$42:$C$58,0))),"")))) | Q17: =IF($C17="","",IF($G17="Einstaklingsbundið",IFERROR(IF(INDEX('Undirviðmiðalisti (Lýsigögn)'!M$42:M$58,MATCH($C17,'Undirviðmiðalisti (Lýsigögn)'!$C$42:$C$58,0))="","",INDEX('Undirviðmiðalisti (Lýsigögn)'!M$42:M$58,MATCH($C17,'Undirviðmiðalisti (Lýsigögn)'!$C$42:$C$58,0))),""),IFERROR(IF(INDEX('Undirviðmiðalisti (Lýsigögn)'!M$6:M$41,MATCH($C17,'Undirviðmiðalisti (Lýsigögn)'!$C$6:$C$41,0))="","",INDEX('Undirviðmiðalisti (Lýsigögn)'!M$6:M$41,MATCH($C17,'Undirviðmiðalisti (Lýsigögn)'!$C$6:$C$41,0))),IFERROR(IF(INDEX('Undirviðmiðalisti (Lýsigögn)'!M$42:M$58,MATCH($C17,'Undirviðmiðalisti (Lýsigögn)'!$C$42:$C$58,0))="","",INDEX('Undirviðmiðalisti (Lýsigögn)'!M$42:M$58,MATCH($C17,'Undirviðmiðalisti (Lýsigögn)'!$C$42:$C$58,0))),""))))
... A205: =IF($B205="","",ROW()-5) | D205: =IF($C205="","",IF($G205="Einstaklingsbundið",IFERROR(IF(INDEX('Undirviðmiðalisti (Lýsigögn)'!$D$42:$D$58,MATCH($C205,'Undirviðmiðalisti (Lýsigögn)'!$C$42:$C$58,0))="","",INDEX('Undirviðmiðalisti (Lýsigögn)'!$D$42:$D$58,MATCH($C205,'Undirviðmiðalisti (Lýsigögn)'!$C$42:$C$58,0))),""),IFERROR(IF(INDEX('Undirviðmiðalisti (Lýsigögn)'!$D$6:$D$41,MATCH($C205,'Undirviðmiðalisti (Lýsigögn)'!$C$6:$C$41,0))="","",INDEX('Undirviðmiðalisti (Lýsigögn)'!$D$6:$D$41,MATCH($C205,'Undirviðmiðalisti (Lýsigögn)'!$C$6:$C$41,0))),IFERROR(IF(INDEX('Undirviðmiðalisti (Lýsigögn)'!$D$42:$D$58,MATCH($C205,'Undirviðmiðalisti (Lýsigögn)'!$C$42:$C$58,0))="","",INDEX('Undirviðmiðalisti (Lýsigögn)'!$D$42:$D$58,MATCH($C205,'Undirviðmiðalisti (Lýsigögn)'!$C$42:$C$58,0))),"")))) | F205: =IF($C205="","",IF($G205="Einstaklingsbundið",IFERROR(IF(INDEX('Undirviðmiðalisti (Lýsigögn)'!$E$42:$E$58,MATCH($C205,'Undirviðmiðalisti (Lýsigögn)'!$C$42:$C$58,0))="","",INDEX('Undirviðmiðalisti (Lýsigögn)'!$E$42:$E$58,MATCH($C205,'Undirviðmiðalisti (Lýsigögn)'!$C$42:$C$58,0))),""),IFERROR(IF(INDEX('Undirviðmiðalisti (Lýsigögn)'!$E$6:$E$41,MATCH($C205,'Undirviðmiðalisti (Lýsigögn)'!$C$6:$C$41,0))="","",INDEX('Undirviðmiðalisti (Lýsigögn)'!$E$6:$E$41,MATCH($C205,'Undirviðmiðalisti (Lýsigögn)'!$C$6:$C$41,0))),IFERROR(IF(INDEX('Undirviðmiðalisti (Lýsigögn)'!$E$42:$E$58,MATCH($C205,'Undirviðmiðalisti (Lýsigögn)'!$C$42:$C$58,0))="","",INDEX('Undirviðmiðalisti (Lýsigögn)'!$E$42:$E$58,MATCH($C205,'Undirviðmiðalisti (Lýsigögn)'!$C$42:$C$58,0))),"")))) | G205: =IFERROR(IF(B205="","",INDEX(Viðmið!$B$6:$B$10,MATCH(B205,Viðmið!$C$6:$C$10,0))),"") | H205: =IF(OR(E205="",F205=""),"",E205*KVARDI) | I205: =IF(B205="","",IF(ROUND(SUMIF($B$6:$B$205,B205,$E$6:$E$205),4)=ROUND(IFERROR(INDEX(Viðmið!$E$6:$E$10,MATCH(B205,Viðmið!$C$6:$C$10,0)),-1),4),"✓","✗")) | J205: =IF($C205="","",IF($G205="Einstaklingsbundið",IFERROR(IF(INDEX('Undirviðmiðalisti (Lýsigögn)'!F$42:F$58,MATCH($C205,'Undirviðmiðalisti (Lýsigögn)'!$C$42:$C$58,0))="","",INDEX('Undirviðmiðalisti (Lýsigögn)'!F$42:F$58,MATCH($C205,'Undirviðmiðalisti (Lýsigögn)'!$C$42:$C$58,0))),""),IFERROR(IF(INDEX('Undirviðmiðalisti (Lýsigögn)'!F$6:F$41,MATCH($C205,'Undirviðmiðalisti (Lýsigögn)'!$C$6:$C$41,0))="","",INDEX('Undirviðmiðalisti (Lýsigögn)'!F$6:F$41,MATCH($C205,'Undirviðmiðalisti (Lýsigögn)'!$C$6:$C$41,0))),IFERROR(IF(INDEX('Undirviðmiðalisti (Lýsigögn)'!F$42:F$58,MATCH($C205,'Undirviðmiðalisti (Lýsigögn)'!$C$42:$C$58,0))="","",INDEX('Undirviðmiðalisti (Lýsigögn)'!F$42:F$58,MATCH($C205,'Undirviðmiðalisti (Lýsigögn)'!$C$42:$C$58,0))),"")))) | K205: =IF($C205="","",IF($G205="Einstaklingsbundið",IFERROR(IF(INDEX('Undirviðmiðalisti (Lýsigögn)'!G$42:G$58,MATCH($C205,'Undirviðmiðalisti (Lýsigögn)'!$C$42:$C$58,0))="","",INDEX('Undirviðmiðalisti (Lýsigögn)'!G$42:G$58,MATCH($C205,'Undirviðmiðalisti (Lýsigögn)'!$C$42:$C$58,0))),""),IFERROR(IF(INDEX('Undirviðmiðalisti (Lýsigögn)'!G$6:G$41,MATCH($C205,'Undirviðmiðalisti (Lýsigögn)'!$C$6:$C$41,0))="","",INDEX('Undirviðmiðalisti (Lýsigögn)'!G$6:G$41,MATCH($C205,'Undirviðmiðalisti (Lýsigögn)'!$C$6:$C$41,0))),IFERROR(IF(INDEX('Undirviðmiðalisti (Lýsigögn)'!G$42:G$58,MATCH($C205,'Undirviðmiðalisti (Lýsigögn)'!$C$42:$C$58,0))="","",INDEX('Undirviðmiðalisti (Lýsigögn)'!G$42:G$58,MATCH($C205,'Undirviðmiðalisti (Lýsigögn)'!$C$42:$C$58,0))),"")))) | L205: =IF($C205="","",IF($G205="Einstaklingsbundið",IFERROR(IF(INDEX('Undirviðmiðalisti (Lýsigögn)'!H$42:H$58,MATCH($C205,'Undirviðmiðalisti (Lýsigögn)'!$C$42:$C$58,0))="","",INDEX('Undirviðmiðalisti (Lýsigögn)'!H$42:H$58,MATCH($C205,'Undirviðmiðalisti (Lýsigögn)'!$C$42:$C$58,0))),""),IFERROR(IF(INDEX('Undirviðmiðalisti (Lýsigögn)'!H$6:H$41,MATCH($C205,'Undirviðmiðalisti (Lýsigögn)'!$C$6:$C$41,0))="","",INDEX('Undirviðmiðalisti (Lýsigögn)'!H$6:H$41,MATCH($C205,'Undirviðmiðalisti (Lýsigögn)'!$C$6:$C$41,0))),IFERROR(IF(INDEX('Undirviðmiðalisti (Lýsigögn)'!H$42:H$58,MATCH($C205,'Undirviðmiðalisti (Lýsigögn)'!$C$42:$C$58,0))="","",INDEX('Undirviðmiðalisti (Lýsigögn)'!H$42:H$58,MATCH($C205,'Undirviðmiðalisti (Lýsigögn)'!$C$42:$C$58,0))),"")))) | M205: =IF($C205="","",IF($G205="Einstaklingsbundið",IFERROR(IF(INDEX('Undirviðmiðalisti (Lýsigögn)'!I$42:I$58,MATCH($C205,'Undirviðmiðalisti (Lýsigögn)'!$C$42:$C$58,0))="","",INDEX('Undirviðmiðalisti (Lýsigögn)'!I$42:I$58,MATCH($C205,'Undirviðmiðalisti (Lýsigögn)'!$C$42:$C$58,0))),""),IFERROR(IF(INDEX('Undirviðmiðalisti (Lýsigögn)'!I$6:I$41,MATCH($C205,'Undirviðmiðalisti (Lýsigögn)'!$C$6:$C$41,0))="","",INDEX('Undirviðmiðalisti (Lýsigögn)'!I$6:I$41,MATCH($C205,'Undirviðmiðalisti (Lýsigögn)'!$C$6:$C$41,0))),IFERROR(IF(INDEX('Undirviðmiðalisti (Lýsigögn)'!I$42:I$58,MATCH($C205,'Undirviðmiðalisti (Lýsigögn)'!$C$42:$C$58,0))="","",INDEX('Undirviðmiðalisti (Lýsigögn)'!I$42:I$58,MATCH($C205,'Undirviðmiðalisti (Lýsigögn)'!$C$42:$C$58,0))),"")))) | N205: =IF($C205="","",IF($G205="Einstaklingsbundið",IFERROR(IF(INDEX('Undirviðmiðalisti (Lýsigögn)'!J$42:J$58,MATCH($C205,'Undirviðmiðalisti (Lýsigögn)'!$C$42:$C$58,0))="","",INDEX('Undirviðmiðalisti (Lýsigögn)'!J$42:J$58,MATCH($C205,'Undirviðmiðalisti (Lýsigögn)'!$C$42:$C$58,0))),""),IFERROR(IF(INDEX('Undirviðmiðalisti (Lýsigögn)'!J$6:J$41,MATCH($C205,'Undirviðmiðalisti (Lýsigögn)'!$C$6:$C$41,0))="","",INDEX('Undirviðmiðalisti (Lýsigögn)'!J$6:J$41,MATCH($C205,'Undirviðmiðalisti (Lýsigögn)'!$C$6:$C$41,0))),IFERROR(IF(INDEX('Undirviðmiðalisti (Lýsigögn)'!J$42:J$58,MATCH($C205,'Undirviðmiðalisti (Lýsigögn)'!$C$42:$C$58,0))="","",INDEX('Undirviðmiðalisti (Lýsigögn)'!J$42:J$58,MATCH($C205,'Undirviðmiðalisti (Lýsigögn)'!$C$42:$C$58,0))),"")))) | O205: =IF($C205="","",IF($G205="Einstaklingsbundið",IFERROR(IF(INDEX('Undirviðmiðalisti (Lýsigögn)'!K$42:K$58,MATCH($C205,'Undirviðmiðalisti (Lýsigögn)'!$C$42:$C$58,0))="","",INDEX('Undirviðmiðalisti (Lýsigögn)'!K$42:K$58,MATCH($C205,'Undirviðmiðalisti (Lýsigögn)'!$C$42:$C$58,0))),""),IFERROR(IF(INDEX('Undirviðmiðalisti (Lýsigögn)'!K$6:K$41,MATCH($C205,'Undirviðmiðalisti (Lýsigögn)'!$C$6:$C$41,0))="","",INDEX('Undirviðmiðalisti (Lýsigögn)'!K$6:K$41,MATCH($C205,'Undirviðmiðalisti (Lýsigögn)'!$C$6:$C$41,0))),IFERROR(IF(INDEX('Undirviðmiðalisti (Lýsigögn)'!K$42:K$58,MATCH($C205,'Undirviðmiðalisti (Lýsigögn)'!$C$42:$C$58,0))="","",INDEX('Undirviðmiðalisti (Lýsigögn)'!K$42:K$58,MATCH($C205,'Undirviðmiðalisti (Lýsigögn)'!$C$42:$C$58,0))),"")))) | P205: =IF($C205="","",IF($G205="Einstaklingsbundið",IFERROR(IF(INDEX('Undirviðmiðalisti (Lýsigögn)'!L$42:L$58,MATCH($C205,'Undirviðmiðalisti (Lýsigögn)'!$C$42:$C$58,0))="","",INDEX('Undirviðmiðalisti (Lýsigögn)'!L$42:L$58,MATCH($C205,'Undirviðmiðalisti (Lýsigögn)'!$C$42:$C$58,0))),""),IFERROR(IF(INDEX('Undirviðmiðalisti (Lýsigögn)'!L$6:L$41,MATCH($C205,'Undirviðmiðalisti (Lýsigögn)'!$C$6:$C$41,0))="","",INDEX('Undirviðmiðalisti (Lýsigögn)'!L$6:L$41,MATCH($C205,'Undirviðmiðalisti (Lýsigögn)'!$C$6:$C$41,0))),IFERROR(IF(INDEX('Undirviðmiðalisti (Lýsigögn)'!L$42:L$58,MATCH($C205,'Undirviðmiðalisti (Lýsigögn)'!$C$42:$C$58,0))="","",INDEX('Undirviðmiðalisti (Lýsigögn)'!L$42:L$58,MATCH($C205,'Undirviðmiðalisti (Lýsigögn)'!$C$42:$C$58,0))),"")))) | Q205: =IF($C205="","",IF($G205="Einstaklingsbundið",IFERROR(IF(INDEX('Undirviðmiðalisti (Lýsigögn)'!M$42:M$58,MATCH($C205,'Undirviðmiðalisti (Lýsigögn)'!$C$42:$C$58,0))="","",INDEX('Undirviðmiðalisti (Lýsigögn)'!M$42:M$58,MATCH($C205,'Undirviðmiðalisti (Lýsigögn)'!$C$42:$C$58,0))),""),IFERROR(IF(INDEX('Undirviðmiðalisti (Lýsigögn)'!M$6:M$41,MATCH($C205,'Undirviðmiðalisti (Lýsigögn)'!$C$6:$C$41,0))="","",INDEX('Undirviðmiðalisti (Lýsigögn)'!M$6:M$41,MATCH($C205,'Undirviðmiðalisti (Lýsigögn)'!$C$6:$C$41,0))),IFERROR(IF(INDEX('Undirviðmiðalisti (Lýsigögn)'!M$42:M$58,MATCH($C205,'Undirviðmiðalisti (Lýsigögn)'!$C$42:$C$58,0))="","",INDEX('Undirviðmiðalisti (Lýsigögn)'!M$42:M$58,MATCH($C205,'Undirviðmiðalisti (Lýsigögn)'!$C$42:$C$58,0))),""))))

Sheet Starfsmenn
B2: Starfsmenn
B3: Skráðu alla starfsmenn. Númerið (A-dálkur) er sjálfvirkt og samsvarar 'ordinal' reitnum í gagnagrunni. Nafn er eingöngu innsláttarhjálp og er ekki sent til Jafnréttisstofu. Dálkarnir 'Viðbótarlaun (kr.)' og 'Aukagreiðslur (kr.)' reiknast sjálfvirkt sem summa undirdálkanna á undan þeim, og dálkarnir lengst til hægri (100% uppreiknað starfshlutfall) reiknast einnig sjálfvirkt — ekki breyta þessum reitum.
A5: # | B5: Nafn | C5: Starf | D5: Kyn | E5: Starfshlutfall (0–1) | F5: Svið | G5: Deild | H5: Ráðningardagur | I5: Grunnlaun (kr.) | J5: Föst yfirvinna (kr.) | K5: Föst bifreiðahlunnindi (kr.) | L5: Tilfallandi / mældur bifreiðastyrkur (kr.) | M5: Tilfallandi / mæld yfirvinna (kr.) | N5: Bónusgreiðslur (kr.) | O5: Önnur hlunnindi eða greiðslur (kr.) | P5: Viðbótarlaun (kr.) | Q5: Aukagreiðslur (kr.) | R5: Grunnlaun v/ 100% starfsh. (kr.) | S5: Heildarlaun v/ 100% starfsh. (kr.)
A6: =ROW()-5 -> 1 | P6: =IF(COUNT(J6:K6)=0,"",SUM(J6:K6)) | Q6: =IF(COUNT(L6:O6)=0,"",SUM(L6:O6)) | R6: =IF(OR($E6="",$E6=0,$I6=""),"",ROUND($I6/$E6,0)) | S6: =IF(OR($E6="",$E6=0,$I6=""),"",ROUND(($I6+IF($P6="",0,$P6)+IF($Q6="",0,$Q6))/$E6,0))
A7: =ROW()-5 -> 2 | P7: =IF(COUNT(J7:K7)=0,"",SUM(J7:K7)) | Q7: =IF(COUNT(L7:O7)=0,"",SUM(L7:O7)) | R7: =IF(OR($E7="",$E7=0,$I7=""),"",ROUND($I7/$E7,0)) | S7: =IF(OR($E7="",$E7=0,$I7=""),"",ROUND(($I7+IF($P7="",0,$P7)+IF($Q7="",0,$Q7))/$E7,0))
A8: =ROW()-5 -> 3 | P8: =IF(COUNT(J8:K8)=0,"",SUM(J8:K8)) | Q8: =IF(COUNT(L8:O8)=0,"",SUM(L8:O8)) | R8: =IF(OR($E8="",$E8=0,$I8=""),"",ROUND($I8/$E8,0)) | S8: =IF(OR($E8="",$E8=0,$I8=""),"",ROUND(($I8+IF($P8="",0,$P8)+IF($Q8="",0,$Q8))/$E8,0))
A9: =ROW()-5 -> 4 | P9: =IF(COUNT(J9:K9)=0,"",SUM(J9:K9)) | Q9: =IF(COUNT(L9:O9)=0,"",SUM(L9:O9)) | R9: =IF(OR($E9="",$E9=0,$I9=""),"",ROUND($I9/$E9,0)) | S9: =IF(OR($E9="",$E9=0,$I9=""),"",ROUND(($I9+IF($P9="",0,$P9)+IF($Q9="",0,$Q9))/$E9,0))
A10: =ROW()-5 -> 5 | P10: =IF(COUNT(J10:K10)=0,"",SUM(J10:K10)) | Q10: =IF(COUNT(L10:O10)=0,"",SUM(L10:O10)) | R10: =IF(OR($E10="",$E10=0,$I10=""),"",ROUND($I10/$E10,0)) | S10: =IF(OR($E10="",$E10=0,$I10=""),"",ROUND(($I10+IF($P10="",0,$P10)+IF($Q10="",0,$Q10))/$E10,0))
A11: =ROW()-5 -> 6 | P11: =IF(COUNT(J11:K11)=0,"",SUM(J11:K11)) | Q11: =IF(COUNT(L11:O11)=0,"",SUM(L11:O11)) | R11: =IF(OR($E11="",$E11=0,$I11=""),"",ROUND($I11/$E11,0)) | S11: =IF(OR($E11="",$E11=0,$I11=""),"",ROUND(($I11+IF($P11="",0,$P11)+IF($Q11="",0,$Q11))/$E11,0))
A12: =ROW()-5 -> 7 | P12: =IF(COUNT(J12:K12)=0,"",SUM(J12:K12)) | Q12: =IF(COUNT(L12:O12)=0,"",SUM(L12:O12)) | R12: =IF(OR($E12="",$E12=0,$I12=""),"",ROUND($I12/$E12,0)) | S12: =IF(OR($E12="",$E12=0,$I12=""),"",ROUND(($I12+IF($P12="",0,$P12)+IF($Q12="",0,$Q12))/$E12,0))
A13: =ROW()-5 -> 8 | P13: =IF(COUNT(J13:K13)=0,"",SUM(J13:K13)) | Q13: =IF(COUNT(L13:O13)=0,"",SUM(L13:O13)) | R13: =IF(OR($E13="",$E13=0,$I13=""),"",ROUND($I13/$E13,0)) | S13: =IF(OR($E13="",$E13=0,$I13=""),"",ROUND(($I13+IF($P13="",0,$P13)+IF($Q13="",0,$Q13))/$E13,0))
A14: =ROW()-5 -> 9 | P14: =IF(COUNT(J14:K14)=0,"",SUM(J14:K14)) | Q14: =IF(COUNT(L14:O14)=0,"",SUM(L14:O14)) | R14: =IF(OR($E14="",$E14=0,$I14=""),"",ROUND($I14/$E14,0)) | S14: =IF(OR($E14="",$E14=0,$I14=""),"",ROUND(($I14+IF($P14="",0,$P14)+IF($Q14="",0,$Q14))/$E14,0))
A15: =ROW()-5 -> 10 | P15: =IF(COUNT(J15:K15)=0,"",SUM(J15:K15)) | Q15: =IF(COUNT(L15:O15)=0,"",SUM(L15:O15)) | R15: =IF(OR($E15="",$E15=0,$I15=""),"",ROUND($I15/$E15,0)) | S15: =IF(OR($E15="",$E15=0,$I15=""),"",ROUND(($I15+IF($P15="",0,$P15)+IF($Q15="",0,$Q15))/$E15,0))
A16: =ROW()-5 -> 11 | P16: =IF(COUNT(J16:K16)=0,"",SUM(J16:K16)) | Q16: =IF(COUNT(L16:O16)=0,"",SUM(L16:O16)) | R16: =IF(OR($E16="",$E16=0,$I16=""),"",ROUND($I16/$E16,0)) | S16: =IF(OR($E16="",$E16=0,$I16=""),"",ROUND(($I16+IF($P16="",0,$P16)+IF($Q16="",0,$Q16))/$E16,0))
A17: =ROW()-5 -> 12 | P17: =IF(COUNT(J17:K17)=0,"",SUM(J17:K17)) | Q17: =IF(COUNT(L17:O17)=0,"",SUM(L17:O17)) | R17: =IF(OR($E17="",$E17=0,$I17=""),"",ROUND($I17/$E17,0)) | S17: =IF(OR($E17="",$E17=0,$I17=""),"",ROUND(($I17+IF($P17="",0,$P17)+IF($Q17="",0,$Q17))/$E17,0))
... A55: =ROW()-5 -> 50 | P55: =IF(COUNT(J55:K55)=0,"",SUM(J55:K55)) | Q55: =IF(COUNT(L55:O55)=0,"",SUM(L55:O55)) | R55: =IF(OR($E55="",$E55=0,$I55=""),"",ROUND($I55/$E55,0)) | S55: =IF(OR($E55="",$E55=0,$I55=""),"",ROUND(($I55+IF($P55="",0,$P55)+IF($Q55="",0,$Q55))/$E55,0))

Sheet Flokkun starfa
B2: Flokkun starfa
B3: Gefðu hverju starfsheiti (línur) þrep (1…fjöldi þrepa) fyrir hvert starfsbundið undirviðmið (dálkar). Stigafjöldi er reiknaður sjálfvirkt samkvæmt formúlunni: stig = (þrep / fjöldi þrepa) × vægi × KVARÐI.
G4: (Aðeins starfsbundin undirviðmið sýnd hér)
B5: Yfirviðmið | G5: =IF(INDEX(Undirviðmið!$G$6:$G$105,(COLUMN()-7)/2+1)="Starfsbundið",INDEX(Undirviðmið!$B$6:$B$105,(COLUMN()-7)/2+1),"") | I5: =IF(INDEX(Undirviðmið!$G$6:$G$105,(COLUMN()-7)/2+1)="Starfsbundið",INDEX(Undirviðmið!$B$6:$B$105,(COLUMN()-7)/2+1),"") | K5: =IF(INDEX(Undirviðmið!$G$6:$G$105,(COLUMN()-7)/2+1)="Starfsbundið",INDEX(Undirviðmið!$B$6:$B$105,(COLUMN()-7)/2+1),"") | M5: =IF(INDEX(Undirviðmið!$G$6:$G$105,(COLUMN()-7)/2+1)="Starfsbundið",INDEX(Undirviðmið!$B$6:$B$105,(COLUMN()-7)/2+1),"") | O5: =IF(INDEX(Undirviðmið!$G$6:$G$105,(COLUMN()-7)/2+1)="Starfsbundið",INDEX(Undirviðmið!$B$6:$B$105,(COLUMN()-7)/2+1),"") | Q5: =IF(INDEX(Undirviðmið!$G$6:$G$105,(COLUMN()-7)/2+1)="Starfsbundið",INDEX(Undirviðmið!$B$6:$B$105,(COLUMN()-7)/2+1),"") | S5: =IF(INDEX(Undirviðmið!$G$6:$G$105,(COLUMN()-7)/2+1)="Starfsbundið",INDEX(Undirviðmið!$B$6:$B$105,(COLUMN()-7)/2+1),"") | U5: =IF(INDEX(Undirviðmið!$G$6:$G$105,(COLUMN()-7)/2+1)="Starfsbundið",INDEX(Undirviðmið!$B$6:$B$105,(COLUMN()-7)/2+1),"") | W5: =IF(INDEX(Undirviðmið!$G$6:$G$105,(COLUMN()-7)/2+1)="Starfsbundið",INDEX(Undirviðmið!$B$6:$B$105,(COLUMN()-7)/2+1),"") | Y5: =IF(INDEX(Undirviðmið!$G$6:$G$105,(COLUMN()-7)/2+1)="Starfsbundið",INDEX(Undirviðmið!$B$6:$B$105,(COLUMN()-7)/2+1),"") | AA5: =IF(INDEX(Undirviðmið!$G$6:$G$105,(COLUMN()-7)/2+1)="Starfsbundið",INDEX(Undirviðmið!$B$6:$B$105,(COLUMN()-7)/2+1),"") | AC5: =IF(INDEX(Undirviðmið!$G$6:$G$105,(COLUMN()-7)/2+1)="Starfsbundið",INDEX(Undirviðmið!$B$6:$B$105,(COLUMN()-7)/2+1),"") | AE5: =IF(INDEX(Undirviðmið!$G$6:$G$105,(COLUMN()-7)/2+1)="Starfsbundið",INDEX(Undirviðmið!$B$6:$B$105,(COLUMN()-7)/2+1),"") | AG5: =IF(INDEX(Undirviðmið!$G$6:$G$105,(COLUMN()-7)/2+1)="Starfsbundið",INDEX(Undirviðmið!$B$6:$B$105,(COLUMN()-7)/2+1),"") | AI5: =IF(INDEX(Undirviðmið!$G$6:$G$105,(COLUMN()-7)/2+1)="Starfsbundið",INDEX(Undirviðmið!$B$6:$B$105,(COLUMN()-7)/2+1),"") | AK5: =IF(INDEX(Undirviðmið!$G$6:$G$105,(COLUMN()-7)/2+1)="Starfsbundið",INDEX(Undirviðmið!$B$6:$B$105,(COLUMN()-7)/2+1),"") | AM5: =IF(INDEX(Undirviðmið!$G$6:$G$105,(COLUMN()-7)/2+1)="Starfsbundið",INDEX(Undirviðmið!$B$6:$B$105,(COLUMN()-7)/2+1),"") | AO5: =IF(INDEX(Undirviðmið!$G$6:$G$105,(COLUMN()-7)/2+1)="Starfsbundið",INDEX(Undirviðmið!$B$6:$B$105,(COLUMN()-7)/2+1),"") | AQ5: =IF(INDEX(Undirviðmið!$G$6:$G$105,(COLUMN()-7)/2+1)="Starfsbundið",INDEX(Undirviðmið!$B$6:$B$105,(COLUMN()-7)/2+1),"") | AS5: =IF(INDEX(Undirviðmið!$G$6:$G$105,(COLUMN()-7)/2+1)="Starfsbundið",INDEX(Undirviðmið!$B$6:$B$105,(COLUMN()-7)/2+1),"") | AU5: =IF(INDEX(Undirviðmið!$G$6:$G$105,(COLUMN()-7)/2+1)="Starfsbundið",INDEX(Undirviðmið!$B$6:$B$105,(COLUMN()-7)/2+1),"") | AW5: =IF(INDEX(Undirviðmið!$G$6:$G$105,(COLUMN()-7)/2+1)="Starfsbundið",INDEX(Undirviðmið!$B$6:$B$105,(COLUMN()-7)/2+1),"") | AY5: =IF(INDEX(Undirviðmið!$G$6:$G$105,(COLUMN()-7)/2+1)="Starfsbundið",INDEX(Undirviðmið!$B$6:$B$105,(COLUMN()-7)/2+1),"") | BA5: =IF(INDEX(Undirviðmið!$G$6:$G$105,(COLUMN()-7)/2+1)="Starfsbundið",INDEX(Undirviðmið!$B$6:$B$105,(COLUMN()-7)/2+1),"") | BC5: =IF(INDEX(Undirviðmið!$G$6:$G$105,(COLUMN()-7)/2+1)="Starfsbundið",INDEX(Undirviðmið!$B$6:$B$105,(COLUMN()-7)/2+1),"") | BE5: =IF(INDEX(Undirviðmið!$G$6:$G$105,(COLUMN()-7)/2+1)="Starfsbundið",INDEX(Undirviðmið!$B$6:$B$105,(COLUMN()-7)/2+1),"") | BG5: =IF(INDEX(Undirviðmið!$G$6:$G$105,(COLUMN()-7)/2+1)="Starfsbundið",INDEX(Undirviðmið!$B$6:$B$105,(COLUMN()-7)/2+1),"") | BI5: =IF(INDEX(Undirviðmið!$G$6:$G$105,(COLUMN()-7)/2+1)="Starfsbundið",INDEX(Undirviðmið!$B$6:$B$105,(COLUMN()-7)/2+1),"") | BK5: =IF(INDEX(Undirviðmið!$G$6:$G$105,(COLUMN()-7)/2+1)="Starfsbundið",INDEX(Undirviðmið!$B$6:$B$105,(COLUMN()-7)/2+1),"") | BM5: =IF(INDEX(Undirviðmið!$G$6:$G$105,(COLUMN()-7)/2+1)="Starfsbundið",INDEX(Undirviðmið!$B$6:$B$105,(COLUMN()-7)/2+1),"") | BO5: =IF(INDEX(Undirviðmið!$G$6:$G$105,(COLUMN()-7)/2+1)="Starfsbundið",INDEX(Undirviðmið!$B$6:$B$105,(COLUMN()-7)/2+1),"") | BQ5: =IF(INDEX(Undirviðmið!$G$6:$G$105,(COLUMN()-7)/2+1)="Starfsbundið",INDEX(Undirviðmið!$B$6:$B$105,(COLUMN()-7)/2+1),"") | BS5: =IF(INDEX(Undirviðmið!$G$6:$G$105,(COLUMN()-7)/2+1)="Starfsbundið",INDEX(Undirviðmið!$B$6:$B$105,(COLUMN()-7)/2+1),"") | BU5: =IF(INDEX(Undirviðmið!$G$6:$G$105,(COLUMN()-7)/2+1)="Starfsbundið",INDEX(Undirviðmið!$B$6:$B$105,(COLUMN()-7)/2+1),"") | BW5: =IF(INDEX(Undirviðmið!$G$6:$G$105,(COLUMN()-7)/2+1)="Starfsbundið",INDEX(Undirviðmið!$B$6:$B$105,(COLUMN()-7)/2+1),"") | BY5: =IF(INDEX(Undirviðmið!$G$6:$G$105,(COLUMN()-7)/2+1)="Starfsbundið",INDEX(Undirviðmið!$B$6:$B$105,(COLUMN()-7)/2+1),"") | CA5: =IF(INDEX(Undirviðmið!$G$6:$G$105,(COLUMN()-7)/2+1)="Starfsbundið",INDEX(Undirviðmið!$B$6:$B$105,(COLUMN()-7)/2+1),"") | CC5: =IF(INDEX(Undirviðmið!$G$6:$G$105,(COLUMN()-7)/2+1)="Starfsbundið",INDEX(Undirviðmið!$B$6:$B$105,(COLUMN()-7)/2+1),"") | CE5: =IF(INDEX(Undirviðmið!$G$6:$G$105,(COLUMN()-7)/2+1)="Starfsbundið",INDEX(Undirviðmið!$B$6:$B$105,(COLUMN()-7)/2+1),"") | CG5: =IF(INDEX(Undirviðmið!$G$6:$G$105,(COLUMN()-7)/2+1)="Starfsbundið",INDEX(Undirviðmið!$B$6:$B$105,(COLUMN()-7)/2+1),"") | CI5: =IF(INDEX(Undirviðmið!$G$6:$G$105,(COLUMN()-7)/2+1)="Starfsbundið",INDEX(Undirviðmið!$B$6:$B$105,(COLUMN()-7)/2+1),"") | CK5: =IF(INDEX(Undirviðmið!$G$6:$G$105,(COLUMN()-7)/2+1)="Starfsbundið",INDEX(Undirviðmið!$B$6:$B$105,(COLUMN()-7)/2+1),"") | CM5: =IF(INDEX(Undirviðmið!$G$6:$G$105,(COLUMN()-7)/2+1)="Starfsbundið",INDEX(Undirviðmið!$B$6:$B$105,(COLUMN()-7)/2+1),"") | CO5: =IF(INDEX(Undirviðmið!$G$6:$G$105,(COLUMN()-7)/2+1)="Starfsbundið",INDEX(Undirviðmið!$B$6:$B$105,(COLUMN()-7)/2+1),"") | CQ5: =IF(INDEX(Undirviðmið!$G$6:$G$105,(COLUMN()-7)/2+1)="Starfsbundið",INDEX(Undirviðmið!$B$6:$B$105,(COLUMN()-7)/2+1),"") | CS5: =IF(INDEX(Undirviðmið!$G$6:$G$105,(COLUMN()-7)/2+1)="Starfsbundið",INDEX(Undirviðmið!$B$6:$B$105,(COLUMN()-7)/2+1),"") | CU5: =IF(INDEX(Undirviðmið!$G$6:$G$105,(COLUMN()-7)/2+1)="Starfsbundið",INDEX(Undirviðmið!$B$6:$B$105,(COLUMN()-7)/2+1),"") | CW5: =IF(INDEX(Undirviðmið!$G$6:$G$105,(COLUMN()-7)/2+1)="Starfsbundið",INDEX(Undirviðmið!$B$6:$B$105,(COLUMN()-7)/2+1),"") | CY5: =IF(INDEX(Undirviðmið!$G$6:$G$105,(COLUMN()-7)/2+1)="Starfsbundið",INDEX(Undirviðmið!$B$6:$B$105,(COLUMN()-7)/2+1),"") | DA5: =IF(INDEX(Undirviðmið!$G$6:$G$105,(COLUMN()-7)/2+1)="Starfsbundið",INDEX(Undirviðmið!$B$6:$B$105,(COLUMN()-7)/2+1),"") | DC5: =IF(INDEX(Undirviðmið!$G$6:$G$105,(COLUMN()-7)/2+1)="Starfsbundið",INDEX(Undirviðmið!$B$6:$B$105,(COLUMN()-7)/2+1),"") | DE5: =IF(INDEX(Undirviðmið!$G$6:$G$105,(COLUMN()-7)/2+1)="Starfsbundið",INDEX(Undirviðmið!$B$6:$B$105,(COLUMN()-7)/2+1),"") | DG5: =IF(INDEX(Undirviðmið!$G$6:$G$105,(COLUMN()-7)/2+1)="Starfsbundið",INDEX(Undirviðmið!$B$6:$B$105,(COLUMN()-7)/2+1),"") | DI5: =IF(INDEX(Undirviðmið!$G$6:$G$105,(COLUMN()-7)/2+1)="Starfsbundið",INDEX(Undirviðmið!$B$6:$B$105,(COLUMN()-7)/2+1),"") | DK5: =IF(INDEX(Undirviðmið!$G$6:$G$105,(COLUMN()-7)/2+1)="Starfsbundið",INDEX(Undirviðmið!$B$6:$B$105,(COLUMN()-7)/2+1),"") | DM5: =IF(INDEX(Undirviðmið!$G$6:$G$105,(COLUMN()-7)/2+1)="Starfsbundið",INDEX(Undirviðmið!$B$6:$B$105,(COLUMN()-7)/2+1),"") | DO5: =IF(INDEX(Undirviðmið!$G$6:$G$105,(COLUMN()-7)/2+1)="Starfsbundið",INDEX(Undirviðmið!$B$6:$B$105,(COLUMN()-7)/2+1),"") | DQ5: =IF(INDEX(Undirviðmið!$G$6:$G$105,(COLUMN()-7)/2+1)="Starfsbundið",INDEX(Undirviðmið!$B$6:$B$105,(COLUMN()-7)/2+1),"") | DS5: =IF(INDEX(Undirviðmið!$G$6:$G$105,(COLUMN()-7)/2+1)="Starfsbundið",INDEX(Undirviðmið!$B$6:$B$105,(COLUMN()-7)/2+1),"") | DU5: =IF(INDEX(Undirviðmið!$G$6:$G$105,(COLUMN()-7)/2+1)="Starfsbundið",INDEX(Undirviðmið!$B$6:$B$105,(COLUMN()-7)/2+1),"") | DW5: =IF(INDEX(Undirviðmið!$G$6:$G$105,(COLUMN()-7)/2+1)="Starfsbundið",INDEX(Undirviðmið!$B$6:$B$105,(COLUMN()-7)/2+1),"") | DY5: =IF(INDEX(Undirviðmið!$G$6:$G$105,(COLUMN()-7)/2+1)="Starfsbundið",INDEX(Undirviðmið!$B$6:$B$105,(COLUMN()-7)/2+1),"") | EA5: =IF(INDEX(Undirviðmið!$G$6:$G$105,(COLUMN()-7)/2+1)="Starfsbundið",INDEX(Undirviðmið!$B$6:$B$105,(COLUMN()-7)/2+1),"") | EC5: =IF(INDEX(Undirviðmið!$G$6:$G$105,(COLUMN()-7)/2+1)="Starfsbundið",INDEX(Undirviðmið!$B$6:$B$105,(COLUMN()-7)/2+1),"") | EE5: =IF(INDEX(Undirviðmið!$G$6:$G$105,(COLUMN()-7)/2+1)="Starfsbundið",INDEX(Undirviðmið!$B$6:$B$105,(COLUMN()-7)/2+1),"") | EG5: =IF(INDEX(Undirviðmið!$G$6:$G$105,(COLUMN()-7)/2+1)="Starfsbundið",INDEX(Undirviðmið!$B$6:$B$105,(COLUMN()-7)/2+1),"") | EI5: =IF(INDEX(Undirviðmið!$G$6:$G$105,(COLUMN()-7)/2+1)="Starfsbundið",INDEX(Undirviðmið!$B$6:$B$105,(COLUMN()-7)/2+1),"") | EK5: =IF(INDEX(Undirviðmið!$G$6:$G$105,(COLUMN()-7)/2+1)="Starfsbundið",INDEX(Undirviðmið!$B$6:$B$105,(COLUMN()-7)/2+1),"") | EM5: =IF(INDEX(Undirviðmið!$G$6:$G$105,(COLUMN()-7)/2+1)="Starfsbundið",INDEX(Undirviðmið!$B$6:$B$105,(COLUMN()-7)/2+1),"") | EO5: =IF(INDEX(Undirviðmið!$G$6:$G$105,(COLUMN()-7)/2+1)="Starfsbundið",INDEX(Undirviðmið!$B$6:$B$105,(COLUMN()-7)/2+1),"") | EQ5: =IF(INDEX(Undirviðmið!$G$6:$G$105,(COLUMN()-7)/2+1)="Starfsbundið",INDEX(Undirviðmið!$B$6:$B$105,(COLUMN()-7)/2+1),"") | ES5: =IF(INDEX(Undirviðmið!$G$6:$G$105,(COLUMN()-7)/2+1)="Starfsbundið",INDEX(Undirviðmið!$B$6:$B$105,(COLUMN()-7)/2+1),"") | EU5: =IF(INDEX(Undirviðmið!$G$6:$G$105,(COLUMN()-7)/2+1)="Starfsbundið",INDEX(Undirviðmið!$B$6:$B$105,(COLUMN()-7)/2+1),"") | EW5: =IF(INDEX(Undirviðmið!$G$6:$G$105,(COLUMN()-7)/2+1)="Starfsbundið",INDEX(Undirviðmið!$B$6:$B$105,(COLUMN()-7)/2+1),"") | EY5: =IF(INDEX(Undirviðmið!$G$6:$G$105,(COLUMN()-7)/2+1)="Starfsbundið",INDEX(Undirviðmið!$B$6:$B$105,(COLUMN()-7)/2+1),"") | FA5: =IF(INDEX(Undirviðmið!$G$6:$G$105,(COLUMN()-7)/2+1)="Starfsbundið",INDEX(Undirviðmið!$B$6:$B$105,(COLUMN()-7)/2+1),"") | FC5: =IF(INDEX(Undirviðmið!$G$6:$G$105,(COLUMN()-7)/2+1)="Starfsbundið",INDEX(Undirviðmið!$B$6:$B$105,(COLUMN()-7)/2+1),"") | FE5: =IF(INDEX(Undirviðmið!$G$6:$G$105,(COLUMN()-7)/2+1)="Starfsbundið",INDEX(Undirviðmið!$B$6:$B$105,(COLUMN()-7)/2+1),"") | FG5: =IF(INDEX(Undirviðmið!$G$6:$G$105,(COLUMN()-7)/2+1)="Starfsbundið",INDEX(Undirviðmið!$B$6:$B$105,(COLUMN()-7)/2+1),"") | FI5: =IF(INDEX(Undirviðmið!$G$6:$G$105,(COLUMN()-7)/2+1)="Starfsbundið",INDEX(Undirviðmið!$B$6:$B$105,(COLUMN()-7)/2+1),"") | FK5: =IF(INDEX(Undirviðmið!$G$6:$G$105,(COLUMN()-7)/2+1)="Starfsbundið",INDEX(Undirviðmið!$B$6:$B$105,(COLUMN()-7)/2+1),"") | FM5: =IF(INDEX(Undirviðmið!$G$6:$G$105,(COLUMN()-7)/2+1)="Starfsbundið",INDEX(Undirviðmið!$B$6:$B$105,(COLUMN()-7)/2+1),"") | FO5: =IF(INDEX(Undirviðmið!$G$6:$G$105,(COLUMN()-7)/2+1)="Starfsbundið",INDEX(Undirviðmið!$B$6:$B$105,(COLUMN()-7)/2+1),"") | FQ5: =IF(INDEX(Undirviðmið!$G$6:$G$105,(COLUMN()-7)/2+1)="Starfsbundið",INDEX(Undirviðmið!$B$6:$B$105,(COLUMN()-7)/2+1),"") | FS5: =IF(INDEX(Undirviðmið!$G$6:$G$105,(COLUMN()-7)/2+1)="Starfsbundið",INDEX(Undirviðmið!$B$6:$B$105,(COLUMN()-7)/2+1),"") | FU5: =IF(INDEX(Undirviðmið!$G$6:$G$105,(COLUMN()-7)/2+1)="Starfsbundið",INDEX(Undirviðmið!$B$6:$B$105,(COLUMN()-7)/2+1),"") | FW5: =IF(INDEX(Undirviðmið!$G$6:$G$105,(COLUMN()-7)/2+1)="Starfsbundið",INDEX(Undirviðmið!$B$6:$B$105,(COLUMN()-7)/2+1),"") | FY5: =IF(INDEX(Undirviðmið!$G$6:$G$105,(COLUMN()-7)/2+1)="Starfsbundið",INDEX(Undirviðmið!$B$6:$B$105,(COLUMN()-7)/2+1),"") | GA5: =IF(INDEX(Undirviðmið!$G$6:$G$105,(COLUMN()-7)/2+1)="Starfsbundið",INDEX(Undirviðmið!$B$6:$B$105,(COLUMN()-7)/2+1),"") | GC5: =IF(INDEX(Undirviðmið!$G$6:$G$105,(COLUMN()-7)/2+1)="Starfsbundið",INDEX(Undirviðmið!$B$6:$B$105,(COLUMN()-7)/2+1),"") | GE5: =IF(INDEX(Undirviðmið!$G$6:$G$105,(COLUMN()-7)/2+1)="Starfsbundið",INDEX(Undirviðmið!$B$6:$B$105,(COLUMN()-7)/2+1),"") | GG5: =IF(INDEX(Undirviðmið!$G$6:$G$105,(COLUMN()-7)/2+1)="Starfsbundið",INDEX(Undirviðmið!$B$6:$B$105,(COLUMN()-7)/2+1),"") | GI5: =IF(INDEX(Undirviðmið!$G$6:$G$105,(COLUMN()-7)/2+1)="Starfsbundið",INDEX(Undirviðmið!$B$6:$B$105,(COLUMN()-7)/2+1),"") | GK5: =IF(INDEX(Undirviðmið!$G$6:$G$105,(COLUMN()-7)/2+1)="Starfsbundið",INDEX(Undirviðmið!$B$6:$B$105,(COLUMN()-7)/2+1),"") | GM5: =IF(INDEX(Undirviðmið!$G$6:$G$105,(COLUMN()-7)/2+1)="Starfsbundið",INDEX(Undirviðmið!$B$6:$B$105,(COLUMN()-7)/2+1),"") | GO5: =IF(INDEX(Undirviðmið!$G$6:$G$105,(COLUMN()-7)/2+1)="Starfsbundið",INDEX(Undirviðmið!$B$6:$B$105,(COLUMN()-7)/2+1),"") | GQ5: =IF(INDEX(Undirviðmið!$G$6:$G$105,(COLUMN()-7)/2+1)="Starfsbundið",INDEX(Undirviðmið!$B$6:$B$105,(COLUMN()-7)/2+1),"") | GS5: =IF(INDEX(Undirviðmið!$G$6:$G$105,(COLUMN()-7)/2+1)="Starfsbundið",INDEX(Undirviðmið!$B$6:$B$105,(COLUMN()-7)/2+1),"") | GU5: =IF(INDEX(Undirviðmið!$G$6:$G$105,(COLUMN()-7)/2+1)="Starfsbundið",INDEX(Undirviðmið!$B$6:$B$105,(COLUMN()-7)/2+1),"") | GW5: =IF(INDEX(Undirviðmið!$G$6:$G$105,(COLUMN()-7)/2+1)="Starfsbundið",INDEX(Undirviðmið!$B$6:$B$105,(COLUMN()-7)/2+1),"")
B6: Undirviðmið | G6: =IF(INDEX(Undirviðmið!$G$6:$G$105,(COLUMN()-7)/2+1)="Starfsbundið",INDEX(Undirviðmið!$C$6:$C$105,(COLUMN()-7)/2+1),"") | I6: =IF(INDEX(Undirviðmið!$G$6:$G$105,(COLUMN()-7)/2+1)="Starfsbundið",INDEX(Undirviðmið!$C$6:$C$105,(COLUMN()-7)/2+1),"") | K6: =IF(INDEX(Undirviðmið!$G$6:$G$105,(COLUMN()-7)/2+1)="Starfsbundið",INDEX(Undirviðmið!$C$6:$C$105,(COLUMN()-7)/2+1),"") | M6: =IF(INDEX(Undirviðmið!$G$6:$G$105,(COLUMN()-7)/2+1)="Starfsbundið",INDEX(Undirviðmið!$C$6:$C$105,(COLUMN()-7)/2+1),"") | O6: =IF(INDEX(Undirviðmið!$G$6:$G$105,(COLUMN()-7)/2+1)="Starfsbundið",INDEX(Undirviðmið!$C$6:$C$105,(COLUMN()-7)/2+1),"") | Q6: =IF(INDEX(Undirviðmið!$G$6:$G$105,(COLUMN()-7)/2+1)="Starfsbundið",INDEX(Undirviðmið!$C$6:$C$105,(COLUMN()-7)/2+1),"") | S6: =IF(INDEX(Undirviðmið!$G$6:$G$105,(COLUMN()-7)/2+1)="Starfsbundið",INDEX(Undirviðmið!$C$6:$C$105,(COLUMN()-7)/2+1),"") | U6: =IF(INDEX(Undirviðmið!$G$6:$G$105,(COLUMN()-7)/2+1)="Starfsbundið",INDEX(Undirviðmið!$C$6:$C$105,(COLUMN()-7)/2+1),"") | W6: =IF(INDEX(Undirviðmið!$G$6:$G$105,(COLUMN()-7)/2+1)="Starfsbundið",INDEX(Undirviðmið!$C$6:$C$105,(COLUMN()-7)/2+1),"") | Y6: =IF(INDEX(Undirviðmið!$G$6:$G$105,(COLUMN()-7)/2+1)="Starfsbundið",INDEX(Undirviðmið!$C$6:$C$105,(COLUMN()-7)/2+1),"") | AA6: =IF(INDEX(Undirviðmið!$G$6:$G$105,(COLUMN()-7)/2+1)="Starfsbundið",INDEX(Undirviðmið!$C$6:$C$105,(COLUMN()-7)/2+1),"") | AC6: =IF(INDEX(Undirviðmið!$G$6:$G$105,(COLUMN()-7)/2+1)="Starfsbundið",INDEX(Undirviðmið!$C$6:$C$105,(COLUMN()-7)/2+1),"") | AE6: =IF(INDEX(Undirviðmið!$G$6:$G$105,(COLUMN()-7)/2+1)="Starfsbundið",INDEX(Undirviðmið!$C$6:$C$105,(COLUMN()-7)/2+1),"") | AG6: =IF(INDEX(Undirviðmið!$G$6:$G$105,(COLUMN()-7)/2+1)="Starfsbundið",INDEX(Undirviðmið!$C$6:$C$105,(COLUMN()-7)/2+1),"") | AI6: =IF(INDEX(Undirviðmið!$G$6:$G$105,(COLUMN()-7)/2+1)="Starfsbundið",INDEX(Undirviðmið!$C$6:$C$105,(COLUMN()-7)/2+1),"") | AK6: =IF(INDEX(Undirviðmið!$G$6:$G$105,(COLUMN()-7)/2+1)="Starfsbundið",INDEX(Undirviðmið!$C$6:$C$105,(COLUMN()-7)/2+1),"") | AM6: =IF(INDEX(Undirviðmið!$G$6:$G$105,(COLUMN()-7)/2+1)="Starfsbundið",INDEX(Undirviðmið!$C$6:$C$105,(COLUMN()-7)/2+1),"") | AO6: =IF(INDEX(Undirviðmið!$G$6:$G$105,(COLUMN()-7)/2+1)="Starfsbundið",INDEX(Undirviðmið!$C$6:$C$105,(COLUMN()-7)/2+1),"") | AQ6: =IF(INDEX(Undirviðmið!$G$6:$G$105,(COLUMN()-7)/2+1)="Starfsbundið",INDEX(Undirviðmið!$C$6:$C$105,(COLUMN()-7)/2+1),"") | AS6: =IF(INDEX(Undirviðmið!$G$6:$G$105,(COLUMN()-7)/2+1)="Starfsbundið",INDEX(Undirviðmið!$C$6:$C$105,(COLUMN()-7)/2+1),"") | AU6: =IF(INDEX(Undirviðmið!$G$6:$G$105,(COLUMN()-7)/2+1)="Starfsbundið",INDEX(Undirviðmið!$C$6:$C$105,(COLUMN()-7)/2+1),"") | AW6: =IF(INDEX(Undirviðmið!$G$6:$G$105,(COLUMN()-7)/2+1)="Starfsbundið",INDEX(Undirviðmið!$C$6:$C$105,(COLUMN()-7)/2+1),"") | AY6: =IF(INDEX(Undirviðmið!$G$6:$G$105,(COLUMN()-7)/2+1)="Starfsbundið",INDEX(Undirviðmið!$C$6:$C$105,(COLUMN()-7)/2+1),"") | BA6: =IF(INDEX(Undirviðmið!$G$6:$G$105,(COLUMN()-7)/2+1)="Starfsbundið",INDEX(Undirviðmið!$C$6:$C$105,(COLUMN()-7)/2+1),"") | BC6: =IF(INDEX(Undirviðmið!$G$6:$G$105,(COLUMN()-7)/2+1)="Starfsbundið",INDEX(Undirviðmið!$C$6:$C$105,(COLUMN()-7)/2+1),"") | BE6: =IF(INDEX(Undirviðmið!$G$6:$G$105,(COLUMN()-7)/2+1)="Starfsbundið",INDEX(Undirviðmið!$C$6:$C$105,(COLUMN()-7)/2+1),"") | BG6: =IF(INDEX(Undirviðmið!$G$6:$G$105,(COLUMN()-7)/2+1)="Starfsbundið",INDEX(Undirviðmið!$C$6:$C$105,(COLUMN()-7)/2+1),"") | BI6: =IF(INDEX(Undirviðmið!$G$6:$G$105,(COLUMN()-7)/2+1)="Starfsbundið",INDEX(Undirviðmið!$C$6:$C$105,(COLUMN()-7)/2+1),"") | BK6: =IF(INDEX(Undirviðmið!$G$6:$G$105,(COLUMN()-7)/2+1)="Starfsbundið",INDEX(Undirviðmið!$C$6:$C$105,(COLUMN()-7)/2+1),"") | BM6: =IF(INDEX(Undirviðmið!$G$6:$G$105,(COLUMN()-7)/2+1)="Starfsbundið",INDEX(Undirviðmið!$C$6:$C$105,(COLUMN()-7)/2+1),"") | BO6: =IF(INDEX(Undirviðmið!$G$6:$G$105,(COLUMN()-7)/2+1)="Starfsbundið",INDEX(Undirviðmið!$C$6:$C$105,(COLUMN()-7)/2+1),"") | BQ6: =IF(INDEX(Undirviðmið!$G$6:$G$105,(COLUMN()-7)/2+1)="Starfsbundið",INDEX(Undirviðmið!$C$6:$C$105,(COLUMN()-7)/2+1),"") | BS6: =IF(INDEX(Undirviðmið!$G$6:$G$105,(COLUMN()-7)/2+1)="Starfsbundið",INDEX(Undirviðmið!$C$6:$C$105,(COLUMN()-7)/2+1),"") | BU6: =IF(INDEX(Undirviðmið!$G$6:$G$105,(COLUMN()-7)/2+1)="Starfsbundið",INDEX(Undirviðmið!$C$6:$C$105,(COLUMN()-7)/2+1),"") | BW6: =IF(INDEX(Undirviðmið!$G$6:$G$105,(COLUMN()-7)/2+1)="Starfsbundið",INDEX(Undirviðmið!$C$6:$C$105,(COLUMN()-7)/2+1),"") | BY6: =IF(INDEX(Undirviðmið!$G$6:$G$105,(COLUMN()-7)/2+1)="Starfsbundið",INDEX(Undirviðmið!$C$6:$C$105,(COLUMN()-7)/2+1),"") | CA6: =IF(INDEX(Undirviðmið!$G$6:$G$105,(COLUMN()-7)/2+1)="Starfsbundið",INDEX(Undirviðmið!$C$6:$C$105,(COLUMN()-7)/2+1),"") | CC6: =IF(INDEX(Undirviðmið!$G$6:$G$105,(COLUMN()-7)/2+1)="Starfsbundið",INDEX(Undirviðmið!$C$6:$C$105,(COLUMN()-7)/2+1),"") | CE6: =IF(INDEX(Undirviðmið!$G$6:$G$105,(COLUMN()-7)/2+1)="Starfsbundið",INDEX(Undirviðmið!$C$6:$C$105,(COLUMN()-7)/2+1),"") | CG6: =IF(INDEX(Undirviðmið!$G$6:$G$105,(COLUMN()-7)/2+1)="Starfsbundið",INDEX(Undirviðmið!$C$6:$C$105,(COLUMN()-7)/2+1),"") | CI6: =IF(INDEX(Undirviðmið!$G$6:$G$105,(COLUMN()-7)/2+1)="Starfsbundið",INDEX(Undirviðmið!$C$6:$C$105,(COLUMN()-7)/2+1),"") | CK6: =IF(INDEX(Undirviðmið!$G$6:$G$105,(COLUMN()-7)/2+1)="Starfsbundið",INDEX(Undirviðmið!$C$6:$C$105,(COLUMN()-7)/2+1),"") | CM6: =IF(INDEX(Undirviðmið!$G$6:$G$105,(COLUMN()-7)/2+1)="Starfsbundið",INDEX(Undirviðmið!$C$6:$C$105,(COLUMN()-7)/2+1),"") | CO6: =IF(INDEX(Undirviðmið!$G$6:$G$105,(COLUMN()-7)/2+1)="Starfsbundið",INDEX(Undirviðmið!$C$6:$C$105,(COLUMN()-7)/2+1),"") | CQ6: =IF(INDEX(Undirviðmið!$G$6:$G$105,(COLUMN()-7)/2+1)="Starfsbundið",INDEX(Undirviðmið!$C$6:$C$105,(COLUMN()-7)/2+1),"") | CS6: =IF(INDEX(Undirviðmið!$G$6:$G$105,(COLUMN()-7)/2+1)="Starfsbundið",INDEX(Undirviðmið!$C$6:$C$105,(COLUMN()-7)/2+1),"") | CU6: =IF(INDEX(Undirviðmið!$G$6:$G$105,(COLUMN()-7)/2+1)="Starfsbundið",INDEX(Undirviðmið!$C$6:$C$105,(COLUMN()-7)/2+1),"") | CW6: =IF(INDEX(Undirviðmið!$G$6:$G$105,(COLUMN()-7)/2+1)="Starfsbundið",INDEX(Undirviðmið!$C$6:$C$105,(COLUMN()-7)/2+1),"") | CY6: =IF(INDEX(Undirviðmið!$G$6:$G$105,(COLUMN()-7)/2+1)="Starfsbundið",INDEX(Undirviðmið!$C$6:$C$105,(COLUMN()-7)/2+1),"") | DA6: =IF(INDEX(Undirviðmið!$G$6:$G$105,(COLUMN()-7)/2+1)="Starfsbundið",INDEX(Undirviðmið!$C$6:$C$105,(COLUMN()-7)/2+1),"") | DC6: =IF(INDEX(Undirviðmið!$G$6:$G$105,(COLUMN()-7)/2+1)="Starfsbundið",INDEX(Undirviðmið!$C$6:$C$105,(COLUMN()-7)/2+1),"") | DE6: =IF(INDEX(Undirviðmið!$G$6:$G$105,(COLUMN()-7)/2+1)="Starfsbundið",INDEX(Undirviðmið!$C$6:$C$105,(COLUMN()-7)/2+1),"") | DG6: =IF(INDEX(Undirviðmið!$G$6:$G$105,(COLUMN()-7)/2+1)="Starfsbundið",INDEX(Undirviðmið!$C$6:$C$105,(COLUMN()-7)/2+1),"") | DI6: =IF(INDEX(Undirviðmið!$G$6:$G$105,(COLUMN()-7)/2+1)="Starfsbundið",INDEX(Undirviðmið!$C$6:$C$105,(COLUMN()-7)/2+1),"") | DK6: =IF(INDEX(Undirviðmið!$G$6:$G$105,(COLUMN()-7)/2+1)="Starfsbundið",INDEX(Undirviðmið!$C$6:$C$105,(COLUMN()-7)/2+1),"") | DM6: =IF(INDEX(Undirviðmið!$G$6:$G$105,(COLUMN()-7)/2+1)="Starfsbundið",INDEX(Undirviðmið!$C$6:$C$105,(COLUMN()-7)/2+1),"") | DO6: =IF(INDEX(Undirviðmið!$G$6:$G$105,(COLUMN()-7)/2+1)="Starfsbundið",INDEX(Undirviðmið!$C$6:$C$105,(COLUMN()-7)/2+1),"") | DQ6: =IF(INDEX(Undirviðmið!$G$6:$G$105,(COLUMN()-7)/2+1)="Starfsbundið",INDEX(Undirviðmið!$C$6:$C$105,(COLUMN()-7)/2+1),"") | DS6: =IF(INDEX(Undirviðmið!$G$6:$G$105,(COLUMN()-7)/2+1)="Starfsbundið",INDEX(Undirviðmið!$C$6:$C$105,(COLUMN()-7)/2+1),"") | DU6: =IF(INDEX(Undirviðmið!$G$6:$G$105,(COLUMN()-7)/2+1)="Starfsbundið",INDEX(Undirviðmið!$C$6:$C$105,(COLUMN()-7)/2+1),"") | DW6: =IF(INDEX(Undirviðmið!$G$6:$G$105,(COLUMN()-7)/2+1)="Starfsbundið",INDEX(Undirviðmið!$C$6:$C$105,(COLUMN()-7)/2+1),"") | DY6: =IF(INDEX(Undirviðmið!$G$6:$G$105,(COLUMN()-7)/2+1)="Starfsbundið",INDEX(Undirviðmið!$C$6:$C$105,(COLUMN()-7)/2+1),"") | EA6: =IF(INDEX(Undirviðmið!$G$6:$G$105,(COLUMN()-7)/2+1)="Starfsbundið",INDEX(Undirviðmið!$C$6:$C$105,(COLUMN()-7)/2+1),"") | EC6: =IF(INDEX(Undirviðmið!$G$6:$G$105,(COLUMN()-7)/2+1)="Starfsbundið",INDEX(Undirviðmið!$C$6:$C$105,(COLUMN()-7)/2+1),"") | EE6: =IF(INDEX(Undirviðmið!$G$6:$G$105,(COLUMN()-7)/2+1)="Starfsbundið",INDEX(Undirviðmið!$C$6:$C$105,(COLUMN()-7)/2+1),"") | EG6: =IF(INDEX(Undirviðmið!$G$6:$G$105,(COLUMN()-7)/2+1)="Starfsbundið",INDEX(Undirviðmið!$C$6:$C$105,(COLUMN()-7)/2+1),"") | EI6: =IF(INDEX(Undirviðmið!$G$6:$G$105,(COLUMN()-7)/2+1)="Starfsbundið",INDEX(Undirviðmið!$C$6:$C$105,(COLUMN()-7)/2+1),"") | EK6: =IF(INDEX(Undirviðmið!$G$6:$G$105,(COLUMN()-7)/2+1)="Starfsbundið",INDEX(Undirviðmið!$C$6:$C$105,(COLUMN()-7)/2+1),"") | EM6: =IF(INDEX(Undirviðmið!$G$6:$G$105,(COLUMN()-7)/2+1)="Starfsbundið",INDEX(Undirviðmið!$C$6:$C$105,(COLUMN()-7)/2+1),"") | EO6: =IF(INDEX(Undirviðmið!$G$6:$G$105,(COLUMN()-7)/2+1)="Starfsbundið",INDEX(Undirviðmið!$C$6:$C$105,(COLUMN()-7)/2+1),"") | EQ6: =IF(INDEX(Undirviðmið!$G$6:$G$105,(COLUMN()-7)/2+1)="Starfsbundið",INDEX(Undirviðmið!$C$6:$C$105,(COLUMN()-7)/2+1),"") | ES6: =IF(INDEX(Undirviðmið!$G$6:$G$105,(COLUMN()-7)/2+1)="Starfsbundið",INDEX(Undirviðmið!$C$6:$C$105,(COLUMN()-7)/2+1),"") | EU6: =IF(INDEX(Undirviðmið!$G$6:$G$105,(COLUMN()-7)/2+1)="Starfsbundið",INDEX(Undirviðmið!$C$6:$C$105,(COLUMN()-7)/2+1),"") | EW6: =IF(INDEX(Undirviðmið!$G$6:$G$105,(COLUMN()-7)/2+1)="Starfsbundið",INDEX(Undirviðmið!$C$6:$C$105,(COLUMN()-7)/2+1),"") | EY6: =IF(INDEX(Undirviðmið!$G$6:$G$105,(COLUMN()-7)/2+1)="Starfsbundið",INDEX(Undirviðmið!$C$6:$C$105,(COLUMN()-7)/2+1),"") | FA6: =IF(INDEX(Undirviðmið!$G$6:$G$105,(COLUMN()-7)/2+1)="Starfsbundið",INDEX(Undirviðmið!$C$6:$C$105,(COLUMN()-7)/2+1),"") | FC6: =IF(INDEX(Undirviðmið!$G$6:$G$105,(COLUMN()-7)/2+1)="Starfsbundið",INDEX(Undirviðmið!$C$6:$C$105,(COLUMN()-7)/2+1),"") | FE6: =IF(INDEX(Undirviðmið!$G$6:$G$105,(COLUMN()-7)/2+1)="Starfsbundið",INDEX(Undirviðmið!$C$6:$C$105,(COLUMN()-7)/2+1),"") | FG6: =IF(INDEX(Undirviðmið!$G$6:$G$105,(COLUMN()-7)/2+1)="Starfsbundið",INDEX(Undirviðmið!$C$6:$C$105,(COLUMN()-7)/2+1),"") | FI6: =IF(INDEX(Undirviðmið!$G$6:$G$105,(COLUMN()-7)/2+1)="Starfsbundið",INDEX(Undirviðmið!$C$6:$C$105,(COLUMN()-7)/2+1),"") | FK6: =IF(INDEX(Undirviðmið!$G$6:$G$105,(COLUMN()-7)/2+1)="Starfsbundið",INDEX(Undirviðmið!$C$6:$C$105,(COLUMN()-7)/2+1),"") | FM6: =IF(INDEX(Undirviðmið!$G$6:$G$105,(COLUMN()-7)/2+1)="Starfsbundið",INDEX(Undirviðmið!$C$6:$C$105,(COLUMN()-7)/2+1),"") | FO6: =IF(INDEX(Undirviðmið!$G$6:$G$105,(COLUMN()-7)/2+1)="Starfsbundið",INDEX(Undirviðmið!$C$6:$C$105,(COLUMN()-7)/2+1),"") | FQ6: =IF(INDEX(Undirviðmið!$G$6:$G$105,(COLUMN()-7)/2+1)="Starfsbundið",INDEX(Undirviðmið!$C$6:$C$105,(COLUMN()-7)/2+1),"") | FS6: =IF(INDEX(Undirviðmið!$G$6:$G$105,(COLUMN()-7)/2+1)="Starfsbundið",INDEX(Undirviðmið!$C$6:$C$105,(COLUMN()-7)/2+1),"") | FU6: =IF(INDEX(Undirviðmið!$G$6:$G$105,(COLUMN()-7)/2+1)="Starfsbundið",INDEX(Undirviðmið!$C$6:$C$105,(COLUMN()-7)/2+1),"") | FW6: =IF(INDEX(Undirviðmið!$G$6:$G$105,(COLUMN()-7)/2+1)="Starfsbundið",INDEX(Undirviðmið!$C$6:$C$105,(COLUMN()-7)/2+1),"") | FY6: =IF(INDEX(Undirviðmið!$G$6:$G$105,(COLUMN()-7)/2+1)="Starfsbundið",INDEX(Undirviðmið!$C$6:$C$105,(COLUMN()-7)/2+1),"") | GA6: =IF(INDEX(Undirviðmið!$G$6:$G$105,(COLUMN()-7)/2+1)="Starfsbundið",INDEX(Undirviðmið!$C$6:$C$105,(COLUMN()-7)/2+1),"") | GC6: =IF(INDEX(Undirviðmið!$G$6:$G$105,(COLUMN()-7)/2+1)="Starfsbundið",INDEX(Undirviðmið!$C$6:$C$105,(COLUMN()-7)/2+1),"") | GE6: =IF(INDEX(Undirviðmið!$G$6:$G$105,(COLUMN()-7)/2+1)="Starfsbundið",INDEX(Undirviðmið!$C$6:$C$105,(COLUMN()-7)/2+1),"") | GG6: =IF(INDEX(Undirviðmið!$G$6:$G$105,(COLUMN()-7)/2+1)="Starfsbundið",INDEX(Undirviðmið!$C$6:$C$105,(COLUMN()-7)/2+1),"") | GI6: =IF(INDEX(Undirviðmið!$G$6:$G$105,(COLUMN()-7)/2+1)="Starfsbundið",INDEX(Undirviðmið!$C$6:$C$105,(COLUMN()-7)/2+1),"") | GK6: =IF(INDEX(Undirviðmið!$G$6:$G$105,(COLUMN()-7)/2+1)="Starfsbundið",INDEX(Undirviðmið!$C$6:$C$105,(COLUMN()-7)/2+1),"") | GM6: =IF(INDEX(Undirviðmið!$G$6:$G$105,(COLUMN()-7)/2+1)="Starfsbundið",INDEX(Undirviðmið!$C$6:$C$105,(COLUMN()-7)/2+1),"") | GO6: =IF(INDEX(Undirviðmið!$G$6:$G$105,(COLUMN()-7)/2+1)="Starfsbundið",INDEX(Undirviðmið!$C$6:$C$105,(COLUMN()-7)/2+1),"") | GQ6: =IF(INDEX(Undirviðmið!$G$6:$G$105,(COLUMN()-7)/2+1)="Starfsbundið",INDEX(Undirviðmið!$C$6:$C$105,(COLUMN()-7)/2+1),"") | GS6: =IF(INDEX(Undirviðmið!$G$6:$G$105,(COLUMN()-7)/2+1)="Starfsbundið",INDEX(Undirviðmið!$C$6:$C$105,(COLUMN()-7)/2+1),"") | GU6: =IF(INDEX(Undirviðmið!$G$6:$G$105,(COLUMN()-7)/2+1)="Starfsbundið",INDEX(Undirviðmið!$C$6:$C$105,(COLUMN()-7)/2+1),"") | GW6: =IF(INDEX(Undirviðmið!$G$6:$G$105,(COLUMN()-7)/2+1)="Starfsbundið",INDEX(Undirviðmið!$C$6:$C$105,(COLUMN()-7)/2+1),"")
B7: Vægi (%) | G7: =IF(INDEX(Undirviðmið!$G$6:$G$105,(COLUMN()-7)/2+1)="Starfsbundið",INDEX(Undirviðmið!$E$6:$E$105,(COLUMN()-7)/2+1),"") | I7: =IF(INDEX(Undirviðmið!$G$6:$G$105,(COLUMN()-7)/2+1)="Starfsbundið",INDEX(Undirviðmið!$E$6:$E$105,(COLUMN()-7)/2+1),"") | K7: =IF(INDEX(Undirviðmið!$G$6:$G$105,(COLUMN()-7)/2+1)="Starfsbundið",INDEX(Undirviðmið!$E$6:$E$105,(COLUMN()-7)/2+1),"") | M7: =IF(INDEX(Undirviðmið!$G$6:$G$105,(COLUMN()-7)/2+1)="Starfsbundið",INDEX(Undirviðmið!$E$6:$E$105,(COLUMN()-7)/2+1),"") | O7: =IF(INDEX(Undirviðmið!$G$6:$G$105,(COLUMN()-7)/2+1)="Starfsbundið",INDEX(Undirviðmið!$E$6:$E$105,(COLUMN()-7)/2+1),"") | Q7: =IF(INDEX(Undirviðmið!$G$6:$G$105,(COLUMN()-7)/2+1)="Starfsbundið",INDEX(Undirviðmið!$E$6:$E$105,(COLUMN()-7)/2+1),"") | S7: =IF(INDEX(Undirviðmið!$G$6:$G$105,(COLUMN()-7)/2+1)="Starfsbundið",INDEX(Undirviðmið!$E$6:$E$105,(COLUMN()-7)/2+1),"") | U7: =IF(INDEX(Undirviðmið!$G$6:$G$105,(COLUMN()-7)/2+1)="Starfsbundið",INDEX(Undirviðmið!$E$6:$E$105,(COLUMN()-7)/2+1),"") | W7: =IF(INDEX(Undirviðmið!$G$6:$G$105,(COLUMN()-7)/2+1)="Starfsbundið",INDEX(Undirviðmið!$E$6:$E$105,(COLUMN()-7)/2+1),"") | Y7: =IF(INDEX(Undirviðmið!$G$6:$G$105,(COLUMN()-7)/2+1)="Starfsbundið",INDEX(Undirviðmið!$E$6:$E$105,(COLUMN()-7)/2+1),"") | AA7: =IF(INDEX(Undirviðmið!$G$6:$G$105,(COLUMN()-7)/2+1)="Starfsbundið",INDEX(Undirviðmið!$E$6:$E$105,(COLUMN()-7)/2+1),"") | AC7: =IF(INDEX(Undirviðmið!$G$6:$G$105,(COLUMN()-7)/2+1)="Starfsbundið",INDEX(Undirviðmið!$E$6:$E$105,(COLUMN()-7)/2+1),"") | AE7: =IF(INDEX(Undirviðmið!$G$6:$G$105,(COLUMN()-7)/2+1)="Starfsbundið",INDEX(Undirviðmið!$E$6:$E$105,(COLUMN()-7)/2+1),"") | AG7: =IF(INDEX(Undirviðmið!$G$6:$G$105,(COLUMN()-7)/2+1)="Starfsbundið",INDEX(Undirviðmið!$E$6:$E$105,(COLUMN()-7)/2+1),"") | AI7: =IF(INDEX(Undirviðmið!$G$6:$G$105,(COLUMN()-7)/2+1)="Starfsbundið",INDEX(Undirviðmið!$E$6:$E$105,(COLUMN()-7)/2+1),"") | AK7: =IF(INDEX(Undirviðmið!$G$6:$G$105,(COLUMN()-7)/2+1)="Starfsbundið",INDEX(Undirviðmið!$E$6:$E$105,(COLUMN()-7)/2+1),"") | AM7: =IF(INDEX(Undirviðmið!$G$6:$G$105,(COLUMN()-7)/2+1)="Starfsbundið",INDEX(Undirviðmið!$E$6:$E$105,(COLUMN()-7)/2+1),"") | AO7: =IF(INDEX(Undirviðmið!$G$6:$G$105,(COLUMN()-7)/2+1)="Starfsbundið",INDEX(Undirviðmið!$E$6:$E$105,(COLUMN()-7)/2+1),"") | AQ7: =IF(INDEX(Undirviðmið!$G$6:$G$105,(COLUMN()-7)/2+1)="Starfsbundið",INDEX(Undirviðmið!$E$6:$E$105,(COLUMN()-7)/2+1),"") | AS7: =IF(INDEX(Undirviðmið!$G$6:$G$105,(COLUMN()-7)/2+1)="Starfsbundið",INDEX(Undirviðmið!$E$6:$E$105,(COLUMN()-7)/2+1),"") | AU7: =IF(INDEX(Undirviðmið!$G$6:$G$105,(COLUMN()-7)/2+1)="Starfsbundið",INDEX(Undirviðmið!$E$6:$E$105,(COLUMN()-7)/2+1),"") | AW7: =IF(INDEX(Undirviðmið!$G$6:$G$105,(COLUMN()-7)/2+1)="Starfsbundið",INDEX(Undirviðmið!$E$6:$E$105,(COLUMN()-7)/2+1),"") | AY7: =IF(INDEX(Undirviðmið!$G$6:$G$105,(COLUMN()-7)/2+1)="Starfsbundið",INDEX(Undirviðmið!$E$6:$E$105,(COLUMN()-7)/2+1),"") | BA7: =IF(INDEX(Undirviðmið!$G$6:$G$105,(COLUMN()-7)/2+1)="Starfsbundið",INDEX(Undirviðmið!$E$6:$E$105,(COLUMN()-7)/2+1),"") | BC7: =IF(INDEX(Undirviðmið!$G$6:$G$105,(COLUMN()-7)/2+1)="Starfsbundið",INDEX(Undirviðmið!$E$6:$E$105,(COLUMN()-7)/2+1),"") | BE7: =IF(INDEX(Undirviðmið!$G$6:$G$105,(COLUMN()-7)/2+1)="Starfsbundið",INDEX(Undirviðmið!$E$6:$E$105,(COLUMN()-7)/2+1),"") | BG7: =IF(INDEX(Undirviðmið!$G$6:$G$105,(COLUMN()-7)/2+1)="Starfsbundið",INDEX(Undirviðmið!$E$6:$E$105,(COLUMN()-7)/2+1),"") | BI7: =IF(INDEX(Undirviðmið!$G$6:$G$105,(COLUMN()-7)/2+1)="Starfsbundið",INDEX(Undirviðmið!$E$6:$E$105,(COLUMN()-7)/2+1),"") | BK7: =IF(INDEX(Undirviðmið!$G$6:$G$105,(COLUMN()-7)/2+1)="Starfsbundið",INDEX(Undirviðmið!$E$6:$E$105,(COLUMN()-7)/2+1),"") | BM7: =IF(INDEX(Undirviðmið!$G$6:$G$105,(COLUMN()-7)/2+1)="Starfsbundið",INDEX(Undirviðmið!$E$6:$E$105,(COLUMN()-7)/2+1),"") | BO7: =IF(INDEX(Undirviðmið!$G$6:$G$105,(COLUMN()-7)/2+1)="Starfsbundið",INDEX(Undirviðmið!$E$6:$E$105,(COLUMN()-7)/2+1),"") | BQ7: =IF(INDEX(Undirviðmið!$G$6:$G$105,(COLUMN()-7)/2+1)="Starfsbundið",INDEX(Undirviðmið!$E$6:$E$105,(COLUMN()-7)/2+1),"") | BS7: =IF(INDEX(Undirviðmið!$G$6:$G$105,(COLUMN()-7)/2+1)="Starfsbundið",INDEX(Undirviðmið!$E$6:$E$105,(COLUMN()-7)/2+1),"") | BU7: =IF(INDEX(Undirviðmið!$G$6:$G$105,(COLUMN()-7)/2+1)="Starfsbundið",INDEX(Undirviðmið!$E$6:$E$105,(COLUMN()-7)/2+1),"") | BW7: =IF(INDEX(Undirviðmið!$G$6:$G$105,(COLUMN()-7)/2+1)="Starfsbundið",INDEX(Undirviðmið!$E$6:$E$105,(COLUMN()-7)/2+1),"") | BY7: =IF(INDEX(Undirviðmið!$G$6:$G$105,(COLUMN()-7)/2+1)="Starfsbundið",INDEX(Undirviðmið!$E$6:$E$105,(COLUMN()-7)/2+1),"") | CA7: =IF(INDEX(Undirviðmið!$G$6:$G$105,(COLUMN()-7)/2+1)="Starfsbundið",INDEX(Undirviðmið!$E$6:$E$105,(COLUMN()-7)/2+1),"") | CC7: =IF(INDEX(Undirviðmið!$G$6:$G$105,(COLUMN()-7)/2+1)="Starfsbundið",INDEX(Undirviðmið!$E$6:$E$105,(COLUMN()-7)/2+1),"") | CE7: =IF(INDEX(Undirviðmið!$G$6:$G$105,(COLUMN()-7)/2+1)="Starfsbundið",INDEX(Undirviðmið!$E$6:$E$105,(COLUMN()-7)/2+1),"") | CG7: =IF(INDEX(Undirviðmið!$G$6:$G$105,(COLUMN()-7)/2+1)="Starfsbundið",INDEX(Undirviðmið!$E$6:$E$105,(COLUMN()-7)/2+1),"") | CI7: =IF(INDEX(Undirviðmið!$G$6:$G$105,(COLUMN()-7)/2+1)="Starfsbundið",INDEX(Undirviðmið!$E$6:$E$105,(COLUMN()-7)/2+1),"") | CK7: =IF(INDEX(Undirviðmið!$G$6:$G$105,(COLUMN()-7)/2+1)="Starfsbundið",INDEX(Undirviðmið!$E$6:$E$105,(COLUMN()-7)/2+1),"") | CM7: =IF(INDEX(Undirviðmið!$G$6:$G$105,(COLUMN()-7)/2+1)="Starfsbundið",INDEX(Undirviðmið!$E$6:$E$105,(COLUMN()-7)/2+1),"") | CO7: =IF(INDEX(Undirviðmið!$G$6:$G$105,(COLUMN()-7)/2+1)="Starfsbundið",INDEX(Undirviðmið!$E$6:$E$105,(COLUMN()-7)/2+1),"") | CQ7: =IF(INDEX(Undirviðmið!$G$6:$G$105,(COLUMN()-7)/2+1)="Starfsbundið",INDEX(Undirviðmið!$E$6:$E$105,(COLUMN()-7)/2+1),"") | CS7: =IF(INDEX(Undirviðmið!$G$6:$G$105,(COLUMN()-7)/2+1)="Starfsbundið",INDEX(Undirviðmið!$E$6:$E$105,(COLUMN()-7)/2+1),"") | CU7: =IF(INDEX(Undirviðmið!$G$6:$G$105,(COLUMN()-7)/2+1)="Starfsbundið",INDEX(Undirviðmið!$E$6:$E$105,(COLUMN()-7)/2+1),"") | CW7: =IF(INDEX(Undirviðmið!$G$6:$G$105,(COLUMN()-7)/2+1)="Starfsbundið",INDEX(Undirviðmið!$E$6:$E$105,(COLUMN()-7)/2+1),"") | CY7: =IF(INDEX(Undirviðmið!$G$6:$G$105,(COLUMN()-7)/2+1)="Starfsbundið",INDEX(Undirviðmið!$E$6:$E$105,(COLUMN()-7)/2+1),"") | DA7: =IF(INDEX(Undirviðmið!$G$6:$G$105,(COLUMN()-7)/2+1)="Starfsbundið",INDEX(Undirviðmið!$E$6:$E$105,(COLUMN()-7)/2+1),"") | DC7: =IF(INDEX(Undirviðmið!$G$6:$G$105,(COLUMN()-7)/2+1)="Starfsbundið",INDEX(Undirviðmið!$E$6:$E$105,(COLUMN()-7)/2+1),"") | DE7: =IF(INDEX(Undirviðmið!$G$6:$G$105,(COLUMN()-7)/2+1)="Starfsbundið",INDEX(Undirviðmið!$E$6:$E$105,(COLUMN()-7)/2+1),"") | DG7: =IF(INDEX(Undirviðmið!$G$6:$G$105,(COLUMN()-7)/2+1)="Starfsbundið",INDEX(Undirviðmið!$E$6:$E$105,(COLUMN()-7)/2+1),"") | DI7: =IF(INDEX(Undirviðmið!$G$6:$G$105,(COLUMN()-7)/2+1)="Starfsbundið",INDEX(Undirviðmið!$E$6:$E$105,(COLUMN()-7)/2+1),"") | DK7: =IF(INDEX(Undirviðmið!$G$6:$G$105,(COLUMN()-7)/2+1)="Starfsbundið",INDEX(Undirviðmið!$E$6:$E$105,(COLUMN()-7)/2+1),"") | DM7: =IF(INDEX(Undirviðmið!$G$6:$G$105,(COLUMN()-7)/2+1)="Starfsbundið",INDEX(Undirviðmið!$E$6:$E$105,(COLUMN()-7)/2+1),"") | DO7: =IF(INDEX(Undirviðmið!$G$6:$G$105,(COLUMN()-7)/2+1)="Starfsbundið",INDEX(Undirviðmið!$E$6:$E$105,(COLUMN()-7)/2+1),"") | DQ7: =IF(INDEX(Undirviðmið!$G$6:$G$105,(COLUMN()-7)/2+1)="Starfsbundið",INDEX(Undirviðmið!$E$6:$E$105,(COLUMN()-7)/2+1),"") | DS7: =IF(INDEX(Undirviðmið!$G$6:$G$105,(COLUMN()-7)/2+1)="Starfsbundið",INDEX(Undirviðmið!$E$6:$E$105,(COLUMN()-7)/2+1),"") | DU7: =IF(INDEX(Undirviðmið!$G$6:$G$105,(COLUMN()-7)/2+1)="Starfsbundið",INDEX(Undirviðmið!$E$6:$E$105,(COLUMN()-7)/2+1),"") | DW7: =IF(INDEX(Undirviðmið!$G$6:$G$105,(COLUMN()-7)/2+1)="Starfsbundið",INDEX(Undirviðmið!$E$6:$E$105,(COLUMN()-7)/2+1),"") | DY7: =IF(INDEX(Undirviðmið!$G$6:$G$105,(COLUMN()-7)/2+1)="Starfsbundið",INDEX(Undirviðmið!$E$6:$E$105,(COLUMN()-7)/2+1),"") | EA7: =IF(INDEX(Undirviðmið!$G$6:$G$105,(COLUMN()-7)/2+1)="Starfsbundið",INDEX(Undirviðmið!$E$6:$E$105,(COLUMN()-7)/2+1),"") | EC7: =IF(INDEX(Undirviðmið!$G$6:$G$105,(COLUMN()-7)/2+1)="Starfsbundið",INDEX(Undirviðmið!$E$6:$E$105,(COLUMN()-7)/2+1),"") | EE7: =IF(INDEX(Undirviðmið!$G$6:$G$105,(COLUMN()-7)/2+1)="Starfsbundið",INDEX(Undirviðmið!$E$6:$E$105,(COLUMN()-7)/2+1),"") | EG7: =IF(INDEX(Undirviðmið!$G$6:$G$105,(COLUMN()-7)/2+1)="Starfsbundið",INDEX(Undirviðmið!$E$6:$E$105,(COLUMN()-7)/2+1),"") | EI7: =IF(INDEX(Undirviðmið!$G$6:$G$105,(COLUMN()-7)/2+1)="Starfsbundið",INDEX(Undirviðmið!$E$6:$E$105,(COLUMN()-7)/2+1),"") | EK7: =IF(INDEX(Undirviðmið!$G$6:$G$105,(COLUMN()-7)/2+1)="Starfsbundið",INDEX(Undirviðmið!$E$6:$E$105,(COLUMN()-7)/2+1),"") | EM7: =IF(INDEX(Undirviðmið!$G$6:$G$105,(COLUMN()-7)/2+1)="Starfsbundið",INDEX(Undirviðmið!$E$6:$E$105,(COLUMN()-7)/2+1),"") | EO7: =IF(INDEX(Undirviðmið!$G$6:$G$105,(COLUMN()-7)/2+1)="Starfsbundið",INDEX(Undirviðmið!$E$6:$E$105,(COLUMN()-7)/2+1),"") | EQ7: =IF(INDEX(Undirviðmið!$G$6:$G$105,(COLUMN()-7)/2+1)="Starfsbundið",INDEX(Undirviðmið!$E$6:$E$105,(COLUMN()-7)/2+1),"") | ES7: =IF(INDEX(Undirviðmið!$G$6:$G$105,(COLUMN()-7)/2+1)="Starfsbundið",INDEX(Undirviðmið!$E$6:$E$105,(COLUMN()-7)/2+1),"") | EU7: =IF(INDEX(Undirviðmið!$G$6:$G$105,(COLUMN()-7)/2+1)="Starfsbundið",INDEX(Undirviðmið!$E$6:$E$105,(COLUMN()-7)/2+1),"") | EW7: =IF(INDEX(Undirviðmið!$G$6:$G$105,(COLUMN()-7)/2+1)="Starfsbundið",INDEX(Undirviðmið!$E$6:$E$105,(COLUMN()-7)/2+1),"") | EY7: =IF(INDEX(Undirviðmið!$G$6:$G$105,(COLUMN()-7)/2+1)="Starfsbundið",INDEX(Undirviðmið!$E$6:$E$105,(COLUMN()-7)/2+1),"") | FA7: =IF(INDEX(Undirviðmið!$G$6:$G$105,(COLUMN()-7)/2+1)="Starfsbundið",INDEX(Undirviðmið!$E$6:$E$105,(COLUMN()-7)/2+1),"") | FC7: =IF(INDEX(Undirviðmið!$G$6:$G$105,(COLUMN()-7)/2+1)="Starfsbundið",INDEX(Undirviðmið!$E$6:$E$105,(COLUMN()-7)/2+1),"") | FE7: =IF(INDEX(Undirviðmið!$G$6:$G$105,(COLUMN()-7)/2+1)="Starfsbundið",INDEX(Undirviðmið!$E$6:$E$105,(COLUMN()-7)/2+1),"") | FG7: =IF(INDEX(Undirviðmið!$G$6:$G$105,(COLUMN()-7)/2+1)="Starfsbundið",INDEX(Undirviðmið!$E$6:$E$105,(COLUMN()-7)/2+1),"") | FI7: =IF(INDEX(Undirviðmið!$G$6:$G$105,(COLUMN()-7)/2+1)="Starfsbundið",INDEX(Undirviðmið!$E$6:$E$105,(COLUMN()-7)/2+1),"") | FK7: =IF(INDEX(Undirviðmið!$G$6:$G$105,(COLUMN()-7)/2+1)="Starfsbundið",INDEX(Undirviðmið!$E$6:$E$105,(COLUMN()-7)/2+1),"") | FM7: =IF(INDEX(Undirviðmið!$G$6:$G$105,(COLUMN()-7)/2+1)="Starfsbundið",INDEX(Undirviðmið!$E$6:$E$105,(COLUMN()-7)/2+1),"") | FO7: =IF(INDEX(Undirviðmið!$G$6:$G$105,(COLUMN()-7)/2+1)="Starfsbundið",INDEX(Undirviðmið!$E$6:$E$105,(COLUMN()-7)/2+1),"") | FQ7: =IF(INDEX(Undirviðmið!$G$6:$G$105,(COLUMN()-7)/2+1)="Starfsbundið",INDEX(Undirviðmið!$E$6:$E$105,(COLUMN()-7)/2+1),"") | FS7: =IF(INDEX(Undirviðmið!$G$6:$G$105,(COLUMN()-7)/2+1)="Starfsbundið",INDEX(Undirviðmið!$E$6:$E$105,(COLUMN()-7)/2+1),"") | FU7: =IF(INDEX(Undirviðmið!$G$6:$G$105,(COLUMN()-7)/2+1)="Starfsbundið",INDEX(Undirviðmið!$E$6:$E$105,(COLUMN()-7)/2+1),"") | FW7: =IF(INDEX(Undirviðmið!$G$6:$G$105,(COLUMN()-7)/2+1)="Starfsbundið",INDEX(Undirviðmið!$E$6:$E$105,(COLUMN()-7)/2+1),"") | FY7: =IF(INDEX(Undirviðmið!$G$6:$G$105,(COLUMN()-7)/2+1)="Starfsbundið",INDEX(Undirviðmið!$E$6:$E$105,(COLUMN()-7)/2+1),"") | GA7: =IF(INDEX(Undirviðmið!$G$6:$G$105,(COLUMN()-7)/2+1)="Starfsbundið",INDEX(Undirviðmið!$E$6:$E$105,(COLUMN()-7)/2+1),"") | GC7: =IF(INDEX(Undirviðmið!$G$6:$G$105,(COLUMN()-7)/2+1)="Starfsbundið",INDEX(Undirviðmið!$E$6:$E$105,(COLUMN()-7)/2+1),"") | GE7: =IF(INDEX(Undirviðmið!$G$6:$G$105,(COLUMN()-7)/2+1)="Starfsbundið",INDEX(Undirviðmið!$E$6:$E$105,(COLUMN()-7)/2+1),"") | GG7: =IF(INDEX(Undirviðmið!$G$6:$G$105,(COLUMN()-7)/2+1)="Starfsbundið",INDEX(Undirviðmið!$E$6:$E$105,(COLUMN()-7)/2+1),"") | GI7: =IF(INDEX(Undirviðmið!$G$6:$G$105,(COLUMN()-7)/2+1)="Starfsbundið",INDEX(Undirviðmið!$E$6:$E$105,(COLUMN()-7)/2+1),"") | GK7: =IF(INDEX(Undirviðmið!$G$6:$G$105,(COLUMN()-7)/2+1)="Starfsbundið",INDEX(Undirviðmið!$E$6:$E$105,(COLUMN()-7)/2+1),"") | GM7: =IF(INDEX(Undirviðmið!$G$6:$G$105,(COLUMN()-7)/2+1)="Starfsbundið",INDEX(Undirviðmið!$E$6:$E$105,(COLUMN()-7)/2+1),"") | GO7: =IF(INDEX(Undirviðmið!$G$6:$G$105,(COLUMN()-7)/2+1)="Starfsbundið",INDEX(Undirviðmið!$E$6:$E$105,(COLUMN()-7)/2+1),"") | GQ7: =IF(INDEX(Undirviðmið!$G$6:$G$105,(COLUMN()-7)/2+1)="Starfsbundið",INDEX(Undirviðmið!$E$6:$E$105,(COLUMN()-7)/2+1),"") | GS7: =IF(INDEX(Undirviðmið!$G$6:$G$105,(COLUMN()-7)/2+1)="Starfsbundið",INDEX(Undirviðmið!$E$6:$E$105,(COLUMN()-7)/2+1),"") | GU7: =IF(INDEX(Undirviðmið!$G$6:$G$105,(COLUMN()-7)/2+1)="Starfsbundið",INDEX(Undirviðmið!$E$6:$E$105,(COLUMN()-7)/2+1),"") | GW7: =IF(INDEX(Undirviðmið!$G$6:$G$105,(COLUMN()-7)/2+1)="Starfsbundið",INDEX(Undirviðmið!$E$6:$E$105,(COLUMN()-7)/2+1),"")
B8: Fjöldi þrepa | G8: =IF(INDEX(Undirviðmið!$G$6:$G$105,(COLUMN()-7)/2+1)="Starfsbundið",INDEX(Undirviðmið!$F$6:$F$105,(COLUMN()-7)/2+1),"") | I8: =IF(INDEX(Undirviðmið!$G$6:$G$105,(COLUMN()-7)/2+1)="Starfsbundið",INDEX(Undirviðmið!$F$6:$F$105,(COLUMN()-7)/2+1),"") | K8: =IF(INDEX(Undirviðmið!$G$6:$G$105,(COLUMN()-7)/2+1)="Starfsbundið",INDEX(Undirviðmið!$F$6:$F$105,(COLUMN()-7)/2+1),"") | M8: =IF(INDEX(Undirviðmið!$G$6:$G$105,(COLUMN()-7)/2+1)="Starfsbundið",INDEX(Undirviðmið!$F$6:$F$105,(COLUMN()-7)/2+1),"") | O8: =IF(INDEX(Undirviðmið!$G$6:$G$105,(COLUMN()-7)/2+1)="Starfsbundið",INDEX(Undirviðmið!$F$6:$F$105,(COLUMN()-7)/2+1),"") | Q8: =IF(INDEX(Undirviðmið!$G$6:$G$105,(COLUMN()-7)/2+1)="Starfsbundið",INDEX(Undirviðmið!$F$6:$F$105,(COLUMN()-7)/2+1),"") | S8: =IF(INDEX(Undirviðmið!$G$6:$G$105,(COLUMN()-7)/2+1)="Starfsbundið",INDEX(Undirviðmið!$F$6:$F$105,(COLUMN()-7)/2+1),"") | U8: =IF(INDEX(Undirviðmið!$G$6:$G$105,(COLUMN()-7)/2+1)="Starfsbundið",INDEX(Undirviðmið!$F$6:$F$105,(COLUMN()-7)/2+1),"") | W8: =IF(INDEX(Undirviðmið!$G$6:$G$105,(COLUMN()-7)/2+1)="Starfsbundið",INDEX(Undirviðmið!$F$6:$F$105,(COLUMN()-7)/2+1),"") | Y8: =IF(INDEX(Undirviðmið!$G$6:$G$105,(COLUMN()-7)/2+1)="Starfsbundið",INDEX(Undirviðmið!$F$6:$F$105,(COLUMN()-7)/2+1),"") | AA8: =IF(INDEX(Undirviðmið!$G$6:$G$105,(COLUMN()-7)/2+1)="Starfsbundið",INDEX(Undirviðmið!$F$6:$F$105,(COLUMN()-7)/2+1),"") | AC8: =IF(INDEX(Undirviðmið!$G$6:$G$105,(COLUMN()-7)/2+1)="Starfsbundið",INDEX(Undirviðmið!$F$6:$F$105,(COLUMN()-7)/2+1),"") | AE8: =IF(INDEX(Undirviðmið!$G$6:$G$105,(COLUMN()-7)/2+1)="Starfsbundið",INDEX(Undirviðmið!$F$6:$F$105,(COLUMN()-7)/2+1),"") | AG8: =IF(INDEX(Undirviðmið!$G$6:$G$105,(COLUMN()-7)/2+1)="Starfsbundið",INDEX(Undirviðmið!$F$6:$F$105,(COLUMN()-7)/2+1),"") | AI8: =IF(INDEX(Undirviðmið!$G$6:$G$105,(COLUMN()-7)/2+1)="Starfsbundið",INDEX(Undirviðmið!$F$6:$F$105,(COLUMN()-7)/2+1),"") | AK8: =IF(INDEX(Undirviðmið!$G$6:$G$105,(COLUMN()-7)/2+1)="Starfsbundið",INDEX(Undirviðmið!$F$6:$F$105,(COLUMN()-7)/2+1),"") | AM8: =IF(INDEX(Undirviðmið!$G$6:$G$105,(COLUMN()-7)/2+1)="Starfsbundið",INDEX(Undirviðmið!$F$6:$F$105,(COLUMN()-7)/2+1),"") | AO8: =IF(INDEX(Undirviðmið!$G$6:$G$105,(COLUMN()-7)/2+1)="Starfsbundið",INDEX(Undirviðmið!$F$6:$F$105,(COLUMN()-7)/2+1),"") | AQ8: =IF(INDEX(Undirviðmið!$G$6:$G$105,(COLUMN()-7)/2+1)="Starfsbundið",INDEX(Undirviðmið!$F$6:$F$105,(COLUMN()-7)/2+1),"") | AS8: =IF(INDEX(Undirviðmið!$G$6:$G$105,(COLUMN()-7)/2+1)="Starfsbundið",INDEX(Undirviðmið!$F$6:$F$105,(COLUMN()-7)/2+1),"") | AU8: =IF(INDEX(Undirviðmið!$G$6:$G$105,(COLUMN()-7)/2+1)="Starfsbundið",INDEX(Undirviðmið!$F$6:$F$105,(COLUMN()-7)/2+1),"") | AW8: =IF(INDEX(Undirviðmið!$G$6:$G$105,(COLUMN()-7)/2+1)="Starfsbundið",INDEX(Undirviðmið!$F$6:$F$105,(COLUMN()-7)/2+1),"") | AY8: =IF(INDEX(Undirviðmið!$G$6:$G$105,(COLUMN()-7)/2+1)="Starfsbundið",INDEX(Undirviðmið!$F$6:$F$105,(COLUMN()-7)/2+1),"") | BA8: =IF(INDEX(Undirviðmið!$G$6:$G$105,(COLUMN()-7)/2+1)="Starfsbundið",INDEX(Undirviðmið!$F$6:$F$105,(COLUMN()-7)/2+1),"") | BC8: =IF(INDEX(Undirviðmið!$G$6:$G$105,(COLUMN()-7)/2+1)="Starfsbundið",INDEX(Undirviðmið!$F$6:$F$105,(COLUMN()-7)/2+1),"") | BE8: =IF(INDEX(Undirviðmið!$G$6:$G$105,(COLUMN()-7)/2+1)="Starfsbundið",INDEX(Undirviðmið!$F$6:$F$105,(COLUMN()-7)/2+1),"") | BG8: =IF(INDEX(Undirviðmið!$G$6:$G$105,(COLUMN()-7)/2+1)="Starfsbundið",INDEX(Undirviðmið!$F$6:$F$105,(COLUMN()-7)/2+1),"") | BI8: =IF(INDEX(Undirviðmið!$G$6:$G$105,(COLUMN()-7)/2+1)="Starfsbundið",INDEX(Undirviðmið!$F$6:$F$105,(COLUMN()-7)/2+1),"") | BK8: =IF(INDEX(Undirviðmið!$G$6:$G$105,(COLUMN()-7)/2+1)="Starfsbundið",INDEX(Undirviðmið!$F$6:$F$105,(COLUMN()-7)/2+1),"") | BM8: =IF(INDEX(Undirviðmið!$G$6:$G$105,(COLUMN()-7)/2+1)="Starfsbundið",INDEX(Undirviðmið!$F$6:$F$105,(COLUMN()-7)/2+1),"") | BO8: =IF(INDEX(Undirviðmið!$G$6:$G$105,(COLUMN()-7)/2+1)="Starfsbundið",INDEX(Undirviðmið!$F$6:$F$105,(COLUMN()-7)/2+1),"") | BQ8: =IF(INDEX(Undirviðmið!$G$6:$G$105,(COLUMN()-7)/2+1)="Starfsbundið",INDEX(Undirviðmið!$F$6:$F$105,(COLUMN()-7)/2+1),"") | BS8: =IF(INDEX(Undirviðmið!$G$6:$G$105,(COLUMN()-7)/2+1)="Starfsbundið",INDEX(Undirviðmið!$F$6:$F$105,(COLUMN()-7)/2+1),"") | BU8: =IF(INDEX(Undirviðmið!$G$6:$G$105,(COLUMN()-7)/2+1)="Starfsbundið",INDEX(Undirviðmið!$F$6:$F$105,(COLUMN()-7)/2+1),"") | BW8: =IF(INDEX(Undirviðmið!$G$6:$G$105,(COLUMN()-7)/2+1)="Starfsbundið",INDEX(Undirviðmið!$F$6:$F$105,(COLUMN()-7)/2+1),"") | BY8: =IF(INDEX(Undirviðmið!$G$6:$G$105,(COLUMN()-7)/2+1)="Starfsbundið",INDEX(Undirviðmið!$F$6:$F$105,(COLUMN()-7)/2+1),"") | CA8: =IF(INDEX(Undirviðmið!$G$6:$G$105,(COLUMN()-7)/2+1)="Starfsbundið",INDEX(Undirviðmið!$F$6:$F$105,(COLUMN()-7)/2+1),"") | CC8: =IF(INDEX(Undirviðmið!$G$6:$G$105,(COLUMN()-7)/2+1)="Starfsbundið",INDEX(Undirviðmið!$F$6:$F$105,(COLUMN()-7)/2+1),"") | CE8: =IF(INDEX(Undirviðmið!$G$6:$G$105,(COLUMN()-7)/2+1)="Starfsbundið",INDEX(Undirviðmið!$F$6:$F$105,(COLUMN()-7)/2+1),"") | CG8: =IF(INDEX(Undirviðmið!$G$6:$G$105,(COLUMN()-7)/2+1)="Starfsbundið",INDEX(Undirviðmið!$F$6:$F$105,(COLUMN()-7)/2+1),"") | CI8: =IF(INDEX(Undirviðmið!$G$6:$G$105,(COLUMN()-7)/2+1)="Starfsbundið",INDEX(Undirviðmið!$F$6:$F$105,(COLUMN()-7)/2+1),"") | CK8: =IF(INDEX(Undirviðmið!$G$6:$G$105,(COLUMN()-7)/2+1)="Starfsbundið",INDEX(Undirviðmið!$F$6:$F$105,(COLUMN()-7)/2+1),"") | CM8: =IF(INDEX(Undirviðmið!$G$6:$G$105,(COLUMN()-7)/2+1)="Starfsbundið",INDEX(Undirviðmið!$F$6:$F$105,(COLUMN()-7)/2+1),"") | CO8: =IF(INDEX(Undirviðmið!$G$6:$G$105,(COLUMN()-7)/2+1)="Starfsbundið",INDEX(Undirviðmið!$F$6:$F$105,(COLUMN()-7)/2+1),"") | CQ8: =IF(INDEX(Undirviðmið!$G$6:$G$105,(COLUMN()-7)/2+1)="Starfsbundið",INDEX(Undirviðmið!$F$6:$F$105,(COLUMN()-7)/2+1),"") | CS8: =IF(INDEX(Undirviðmið!$G$6:$G$105,(COLUMN()-7)/2+1)="Starfsbundið",INDEX(Undirviðmið!$F$6:$F$105,(COLUMN()-7)/2+1),"") | CU8: =IF(INDEX(Undirviðmið!$G$6:$G$105,(COLUMN()-7)/2+1)="Starfsbundið",INDEX(Undirviðmið!$F$6:$F$105,(COLUMN()-7)/2+1),"") | CW8: =IF(INDEX(Undirviðmið!$G$6:$G$105,(COLUMN()-7)/2+1)="Starfsbundið",INDEX(Undirviðmið!$F$6:$F$105,(COLUMN()-7)/2+1),"") | CY8: =IF(INDEX(Undirviðmið!$G$6:$G$105,(COLUMN()-7)/2+1)="Starfsbundið",INDEX(Undirviðmið!$F$6:$F$105,(COLUMN()-7)/2+1),"") | DA8: =IF(INDEX(Undirviðmið!$G$6:$G$105,(COLUMN()-7)/2+1)="Starfsbundið",INDEX(Undirviðmið!$F$6:$F$105,(COLUMN()-7)/2+1),"") | DC8: =IF(INDEX(Undirviðmið!$G$6:$G$105,(COLUMN()-7)/2+1)="Starfsbundið",INDEX(Undirviðmið!$F$6:$F$105,(COLUMN()-7)/2+1),"") | DE8: =IF(INDEX(Undirviðmið!$G$6:$G$105,(COLUMN()-7)/2+1)="Starfsbundið",INDEX(Undirviðmið!$F$6:$F$105,(COLUMN()-7)/2+1),"") | DG8: =IF(INDEX(Undirviðmið!$G$6:$G$105,(COLUMN()-7)/2+1)="Starfsbundið",INDEX(Undirviðmið!$F$6:$F$105,(COLUMN()-7)/2+1),"") | DI8: =IF(INDEX(Undirviðmið!$G$6:$G$105,(COLUMN()-7)/2+1)="Starfsbundið",INDEX(Undirviðmið!$F$6:$F$105,(COLUMN()-7)/2+1),"") | DK8: =IF(INDEX(Undirviðmið!$G$6:$G$105,(COLUMN()-7)/2+1)="Starfsbundið",INDEX(Undirviðmið!$F$6:$F$105,(COLUMN()-7)/2+1),"") | DM8: =IF(INDEX(Undirviðmið!$G$6:$G$105,(COLUMN()-7)/2+1)="Starfsbundið",INDEX(Undirviðmið!$F$6:$F$105,(COLUMN()-7)/2+1),"") | DO8: =IF(INDEX(Undirviðmið!$G$6:$G$105,(COLUMN()-7)/2+1)="Starfsbundið",INDEX(Undirviðmið!$F$6:$F$105,(COLUMN()-7)/2+1),"") | DQ8: =IF(INDEX(Undirviðmið!$G$6:$G$105,(COLUMN()-7)/2+1)="Starfsbundið",INDEX(Undirviðmið!$F$6:$F$105,(COLUMN()-7)/2+1),"") | DS8: =IF(INDEX(Undirviðmið!$G$6:$G$105,(COLUMN()-7)/2+1)="Starfsbundið",INDEX(Undirviðmið!$F$6:$F$105,(COLUMN()-7)/2+1),"") | DU8: =IF(INDEX(Undirviðmið!$G$6:$G$105,(COLUMN()-7)/2+1)="Starfsbundið",INDEX(Undirviðmið!$F$6:$F$105,(COLUMN()-7)/2+1),"") | DW8: =IF(INDEX(Undirviðmið!$G$6:$G$105,(COLUMN()-7)/2+1)="Starfsbundið",INDEX(Undirviðmið!$F$6:$F$105,(COLUMN()-7)/2+1),"") | DY8: =IF(INDEX(Undirviðmið!$G$6:$G$105,(COLUMN()-7)/2+1)="Starfsbundið",INDEX(Undirviðmið!$F$6:$F$105,(COLUMN()-7)/2+1),"") | EA8: =IF(INDEX(Undirviðmið!$G$6:$G$105,(COLUMN()-7)/2+1)="Starfsbundið",INDEX(Undirviðmið!$F$6:$F$105,(COLUMN()-7)/2+1),"") | EC8: =IF(INDEX(Undirviðmið!$G$6:$G$105,(COLUMN()-7)/2+1)="Starfsbundið",INDEX(Undirviðmið!$F$6:$F$105,(COLUMN()-7)/2+1),"") | EE8: =IF(INDEX(Undirviðmið!$G$6:$G$105,(COLUMN()-7)/2+1)="Starfsbundið",INDEX(Undirviðmið!$F$6:$F$105,(COLUMN()-7)/2+1),"") | EG8: =IF(INDEX(Undirviðmið!$G$6:$G$105,(COLUMN()-7)/2+1)="Starfsbundið",INDEX(Undirviðmið!$F$6:$F$105,(COLUMN()-7)/2+1),"") | EI8: =IF(INDEX(Undirviðmið!$G$6:$G$105,(COLUMN()-7)/2+1)="Starfsbundið",INDEX(Undirviðmið!$F$6:$F$105,(COLUMN()-7)/2+1),"") | EK8: =IF(INDEX(Undirviðmið!$G$6:$G$105,(COLUMN()-7)/2+1)="Starfsbundið",INDEX(Undirviðmið!$F$6:$F$105,(COLUMN()-7)/2+1),"") | EM8: =IF(INDEX(Undirviðmið!$G$6:$G$105,(COLUMN()-7)/2+1)="Starfsbundið",INDEX(Undirviðmið!$F$6:$F$105,(COLUMN()-7)/2+1),"") | EO8: =IF(INDEX(Undirviðmið!$G$6:$G$105,(COLUMN()-7)/2+1)="Starfsbundið",INDEX(Undirviðmið!$F$6:$F$105,(COLUMN()-7)/2+1),"") | EQ8: =IF(INDEX(Undirviðmið!$G$6:$G$105,(COLUMN()-7)/2+1)="Starfsbundið",INDEX(Undirviðmið!$F$6:$F$105,(COLUMN()-7)/2+1),"") | ES8: =IF(INDEX(Undirviðmið!$G$6:$G$105,(COLUMN()-7)/2+1)="Starfsbundið",INDEX(Undirviðmið!$F$6:$F$105,(COLUMN()-7)/2+1),"") | EU8: =IF(INDEX(Undirviðmið!$G$6:$G$105,(COLUMN()-7)/2+1)="Starfsbundið",INDEX(Undirviðmið!$F$6:$F$105,(COLUMN()-7)/2+1),"") | EW8: =IF(INDEX(Undirviðmið!$G$6:$G$105,(COLUMN()-7)/2+1)="Starfsbundið",INDEX(Undirviðmið!$F$6:$F$105,(COLUMN()-7)/2+1),"") | EY8: =IF(INDEX(Undirviðmið!$G$6:$G$105,(COLUMN()-7)/2+1)="Starfsbundið",INDEX(Undirviðmið!$F$6:$F$105,(COLUMN()-7)/2+1),"") | FA8: =IF(INDEX(Undirviðmið!$G$6:$G$105,(COLUMN()-7)/2+1)="Starfsbundið",INDEX(Undirviðmið!$F$6:$F$105,(COLUMN()-7)/2+1),"") | FC8: =IF(INDEX(Undirviðmið!$G$6:$G$105,(COLUMN()-7)/2+1)="Starfsbundið",INDEX(Undirviðmið!$F$6:$F$105,(COLUMN()-7)/2+1),"") | FE8: =IF(INDEX(Undirviðmið!$G$6:$G$105,(COLUMN()-7)/2+1)="Starfsbundið",INDEX(Undirviðmið!$F$6:$F$105,(COLUMN()-7)/2+1),"") | FG8: =IF(INDEX(Undirviðmið!$G$6:$G$105,(COLUMN()-7)/2+1)="Starfsbundið",INDEX(Undirviðmið!$F$6:$F$105,(COLUMN()-7)/2+1),"") | FI8: =IF(INDEX(Undirviðmið!$G$6:$G$105,(COLUMN()-7)/2+1)="Starfsbundið",INDEX(Undirviðmið!$F$6:$F$105,(COLUMN()-7)/2+1),"") | FK8: =IF(INDEX(Undirviðmið!$G$6:$G$105,(COLUMN()-7)/2+1)="Starfsbundið",INDEX(Undirviðmið!$F$6:$F$105,(COLUMN()-7)/2+1),"") | FM8: =IF(INDEX(Undirviðmið!$G$6:$G$105,(COLUMN()-7)/2+1)="Starfsbundið",INDEX(Undirviðmið!$F$6:$F$105,(COLUMN()-7)/2+1),"") | FO8: =IF(INDEX(Undirviðmið!$G$6:$G$105,(COLUMN()-7)/2+1)="Starfsbundið",INDEX(Undirviðmið!$F$6:$F$105,(COLUMN()-7)/2+1),"") | FQ8: =IF(INDEX(Undirviðmið!$G$6:$G$105,(COLUMN()-7)/2+1)="Starfsbundið",INDEX(Undirviðmið!$F$6:$F$105,(COLUMN()-7)/2+1),"") | FS8: =IF(INDEX(Undirviðmið!$G$6:$G$105,(COLUMN()-7)/2+1)="Starfsbundið",INDEX(Undirviðmið!$F$6:$F$105,(COLUMN()-7)/2+1),"") | FU8: =IF(INDEX(Undirviðmið!$G$6:$G$105,(COLUMN()-7)/2+1)="Starfsbundið",INDEX(Undirviðmið!$F$6:$F$105,(COLUMN()-7)/2+1),"") | FW8: =IF(INDEX(Undirviðmið!$G$6:$G$105,(COLUMN()-7)/2+1)="Starfsbundið",INDEX(Undirviðmið!$F$6:$F$105,(COLUMN()-7)/2+1),"") | FY8: =IF(INDEX(Undirviðmið!$G$6:$G$105,(COLUMN()-7)/2+1)="Starfsbundið",INDEX(Undirviðmið!$F$6:$F$105,(COLUMN()-7)/2+1),"") | GA8: =IF(INDEX(Undirviðmið!$G$6:$G$105,(COLUMN()-7)/2+1)="Starfsbundið",INDEX(Undirviðmið!$F$6:$F$105,(COLUMN()-7)/2+1),"") | GC8: =IF(INDEX(Undirviðmið!$G$6:$G$105,(COLUMN()-7)/2+1)="Starfsbundið",INDEX(Undirviðmið!$F$6:$F$105,(COLUMN()-7)/2+1),"") | GE8: =IF(INDEX(Undirviðmið!$G$6:$G$105,(COLUMN()-7)/2+1)="Starfsbundið",INDEX(Undirviðmið!$F$6:$F$105,(COLUMN()-7)/2+1),"") | GG8: =IF(INDEX(Undirviðmið!$G$6:$G$105,(COLUMN()-7)/2+1)="Starfsbundið",INDEX(Undirviðmið!$F$6:$F$105,(COLUMN()-7)/2+1),"") | GI8: =IF(INDEX(Undirviðmið!$G$6:$G$105,(COLUMN()-7)/2+1)="Starfsbundið",INDEX(Undirviðmið!$F$6:$F$105,(COLUMN()-7)/2+1),"") | GK8: =IF(INDEX(Undirviðmið!$G$6:$G$105,(COLUMN()-7)/2+1)="Starfsbundið",INDEX(Undirviðmið!$F$6:$F$105,(COLUMN()-7)/2+1),"") | GM8: =IF(INDEX(Undirviðmið!$G$6:$G$105,(COLUMN()-7)/2+1)="Starfsbundið",INDEX(Undirviðmið!$F$6:$F$105,(COLUMN()-7)/2+1),"") | GO8: =IF(INDEX(Undirviðmið!$G$6:$G$105,(COLUMN()-7)/2+1)="Starfsbundið",INDEX(Undirviðmið!$F$6:$F$105,(COLUMN()-7)/2+1),"") | GQ8: =IF(INDEX(Undirviðmið!$G$6:$G$105,(COLUMN()-7)/2+1)="Starfsbundið",INDEX(Undirviðmið!$F$6:$F$105,(COLUMN()-7)/2+1),"") | GS8: =IF(INDEX(Undirviðmið!$G$6:$G$105,(COLUMN()-7)/2+1)="Starfsbundið",INDEX(Undirviðmið!$F$6:$F$105,(COLUMN()-7)/2+1),"") | GU8: =IF(INDEX(Undirviðmið!$G$6:$G$105,(COLUMN()-7)/2+1)="Starfsbundið",INDEX(Undirviðmið!$F$6:$F$105,(COLUMN()-7)/2+1),"") | GW8: =IF(INDEX(Undirviðmið!$G$6:$G$105,(COLUMN()-7)/2+1)="Starfsbundið",INDEX(Undirviðmið!$F$6:$F$105,(COLUMN()-7)/2+1),"")
B9: Hámark stig | G9: =IF(INDEX(Undirviðmið!$G$6:$G$105,(COLUMN()-7)/2+1)="Starfsbundið",IFERROR(INDEX(Undirviðmið!$E$6:$E$105,(COLUMN()-7)/2+1)*KVARDI,""),"") | I9: =IF(INDEX(Undirviðmið!$G$6:$G$105,(COLUMN()-7)/2+1)="Starfsbundið",IFERROR(INDEX(Undirviðmið!$E$6:$E$105,(COLUMN()-7)/2+1)*KVARDI,""),"") | K9: =IF(INDEX(Undirviðmið!$G$6:$G$105,(COLUMN()-7)/2+1)="Starfsbundið",IFERROR(INDEX(Undirviðmið!$E$6:$E$105,(COLUMN()-7)/2+1)*KVARDI,""),"") | M9: =IF(INDEX(Undirviðmið!$G$6:$G$105,(COLUMN()-7)/2+1)="Starfsbundið",IFERROR(INDEX(Undirviðmið!$E$6:$E$105,(COLUMN()-7)/2+1)*KVARDI,""),"") | O9: =IF(INDEX(Undirviðmið!$G$6:$G$105,(COLUMN()-7)/2+1)="Starfsbundið",IFERROR(INDEX(Undirviðmið!$E$6:$E$105,(COLUMN()-7)/2+1)*KVARDI,""),"") | Q9: =IF(INDEX(Undirviðmið!$G$6:$G$105,(COLUMN()-7)/2+1)="Starfsbundið",IFERROR(INDEX(Undirviðmið!$E$6:$E$105,(COLUMN()-7)/2+1)*KVARDI,""),"") | S9: =IF(INDEX(Undirviðmið!$G$6:$G$105,(COLUMN()-7)/2+1)="Starfsbundið",IFERROR(INDEX(Undirviðmið!$E$6:$E$105,(COLUMN()-7)/2+1)*KVARDI,""),"") | U9: =IF(INDEX(Undirviðmið!$G$6:$G$105,(COLUMN()-7)/2+1)="Starfsbundið",IFERROR(INDEX(Undirviðmið!$E$6:$E$105,(COLUMN()-7)/2+1)*KVARDI,""),"") | W9: =IF(INDEX(Undirviðmið!$G$6:$G$105,(COLUMN()-7)/2+1)="Starfsbundið",IFERROR(INDEX(Undirviðmið!$E$6:$E$105,(COLUMN()-7)/2+1)*KVARDI,""),"") | Y9: =IF(INDEX(Undirviðmið!$G$6:$G$105,(COLUMN()-7)/2+1)="Starfsbundið",IFERROR(INDEX(Undirviðmið!$E$6:$E$105,(COLUMN()-7)/2+1)*KVARDI,""),"") | AA9: =IF(INDEX(Undirviðmið!$G$6:$G$105,(COLUMN()-7)/2+1)="Starfsbundið",IFERROR(INDEX(Undirviðmið!$E$6:$E$105,(COLUMN()-7)/2+1)*KVARDI,""),"") | AC9: =IF(INDEX(Undirviðmið!$G$6:$G$105,(COLUMN()-7)/2+1)="Starfsbundið",IFERROR(INDEX(Undirviðmið!$E$6:$E$105,(COLUMN()-7)/2+1)*KVARDI,""),"") | AE9: =IF(INDEX(Undirviðmið!$G$6:$G$105,(COLUMN()-7)/2+1)="Starfsbundið",IFERROR(INDEX(Undirviðmið!$E$6:$E$105,(COLUMN()-7)/2+1)*KVARDI,""),"") | AG9: =IF(INDEX(Undirviðmið!$G$6:$G$105,(COLUMN()-7)/2+1)="Starfsbundið",IFERROR(INDEX(Undirviðmið!$E$6:$E$105,(COLUMN()-7)/2+1)*KVARDI,""),"") | AI9: =IF(INDEX(Undirviðmið!$G$6:$G$105,(COLUMN()-7)/2+1)="Starfsbundið",IFERROR(INDEX(Undirviðmið!$E$6:$E$105,(COLUMN()-7)/2+1)*KVARDI,""),"") | AK9: =IF(INDEX(Undirviðmið!$G$6:$G$105,(COLUMN()-7)/2+1)="Starfsbundið",IFERROR(INDEX(Undirviðmið!$E$6:$E$105,(COLUMN()-7)/2+1)*KVARDI,""),"") | AM9: =IF(INDEX(Undirviðmið!$G$6:$G$105,(COLUMN()-7)/2+1)="Starfsbundið",IFERROR(INDEX(Undirviðmið!$E$6:$E$105,(COLUMN()-7)/2+1)*KVARDI,""),"") | AO9: =IF(INDEX(Undirviðmið!$G$6:$G$105,(COLUMN()-7)/2+1)="Starfsbundið",IFERROR(INDEX(Undirviðmið!$E$6:$E$105,(COLUMN()-7)/2+1)*KVARDI,""),"") | AQ9: =IF(INDEX(Undirviðmið!$G$6:$G$105,(COLUMN()-7)/2+1)="Starfsbundið",IFERROR(INDEX(Undirviðmið!$E$6:$E$105,(COLUMN()-7)/2+1)*KVARDI,""),"") | AS9: =IF(INDEX(Undirviðmið!$G$6:$G$105,(COLUMN()-7)/2+1)="Starfsbundið",IFERROR(INDEX(Undirviðmið!$E$6:$E$105,(COLUMN()-7)/2+1)*KVARDI,""),"") | AU9: =IF(INDEX(Undirviðmið!$G$6:$G$105,(COLUMN()-7)/2+1)="Starfsbundið",IFERROR(INDEX(Undirviðmið!$E$6:$E$105,(COLUMN()-7)/2+1)*KVARDI,""),"") | AW9: =IF(INDEX(Undirviðmið!$G$6:$G$105,(COLUMN()-7)/2+1)="Starfsbundið",IFERROR(INDEX(Undirviðmið!$E$6:$E$105,(COLUMN()-7)/2+1)*KVARDI,""),"") | AY9: =IF(INDEX(Undirviðmið!$G$6:$G$105,(COLUMN()-7)/2+1)="Starfsbundið",IFERROR(INDEX(Undirviðmið!$E$6:$E$105,(COLUMN()-7)/2+1)*KVARDI,""),"") | BA9: =IF(INDEX(Undirviðmið!$G$6:$G$105,(COLUMN()-7)/2+1)="Starfsbundið",IFERROR(INDEX(Undirviðmið!$E$6:$E$105,(COLUMN()-7)/2+1)*KVARDI,""),"") | BC9: =IF(INDEX(Undirviðmið!$G$6:$G$105,(COLUMN()-7)/2+1)="Starfsbundið",IFERROR(INDEX(Undirviðmið!$E$6:$E$105,(COLUMN()-7)/2+1)*KVARDI,""),"") | BE9: =IF(INDEX(Undirviðmið!$G$6:$G$105,(COLUMN()-7)/2+1)="Starfsbundið",IFERROR(INDEX(Undirviðmið!$E$6:$E$105,(COLUMN()-7)/2+1)*KVARDI,""),"") | BG9: =IF(INDEX(Undirviðmið!$G$6:$G$105,(COLUMN()-7)/2+1)="Starfsbundið",IFERROR(INDEX(Undirviðmið!$E$6:$E$105,(COLUMN()-7)/2+1)*KVARDI,""),"") | BI9: =IF(INDEX(Undirviðmið!$G$6:$G$105,(COLUMN()-7)/2+1)="Starfsbundið",IFERROR(INDEX(Undirviðmið!$E$6:$E$105,(COLUMN()-7)/2+1)*KVARDI,""),"") | BK9: =IF(INDEX(Undirviðmið!$G$6:$G$105,(COLUMN()-7)/2+1)="Starfsbundið",IFERROR(INDEX(Undirviðmið!$E$6:$E$105,(COLUMN()-7)/2+1)*KVARDI,""),"") | BM9: =IF(INDEX(Undirviðmið!$G$6:$G$105,(COLUMN()-7)/2+1)="Starfsbundið",IFERROR(INDEX(Undirviðmið!$E$6:$E$105,(COLUMN()-7)/2+1)*KVARDI,""),"") | BO9: =IF(INDEX(Undirviðmið!$G$6:$G$105,(COLUMN()-7)/2+1)="Starfsbundið",IFERROR(INDEX(Undirviðmið!$E$6:$E$105,(COLUMN()-7)/2+1)*KVARDI,""),"") | BQ9: =IF(INDEX(Undirviðmið!$G$6:$G$105,(COLUMN()-7)/2+1)="Starfsbundið",IFERROR(INDEX(Undirviðmið!$E$6:$E$105,(COLUMN()-7)/2+1)*KVARDI,""),"") | BS9: =IF(INDEX(Undirviðmið!$G$6:$G$105,(COLUMN()-7)/2+1)="Starfsbundið",IFERROR(INDEX(Undirviðmið!$E$6:$E$105,(COLUMN()-7)/2+1)*KVARDI,""),"") | BU9: =IF(INDEX(Undirviðmið!$G$6:$G$105,(COLUMN()-7)/2+1)="Starfsbundið",IFERROR(INDEX(Undirviðmið!$E$6:$E$105,(COLUMN()-7)/2+1)*KVARDI,""),"") | BW9: =IF(INDEX(Undirviðmið!$G$6:$G$105,(COLUMN()-7)/2+1)="Starfsbundið",IFERROR(INDEX(Undirviðmið!$E$6:$E$105,(COLUMN()-7)/2+1)*KVARDI,""),"") | BY9: =IF(INDEX(Undirviðmið!$G$6:$G$105,(COLUMN()-7)/2+1)="Starfsbundið",IFERROR(INDEX(Undirviðmið!$E$6:$E$105,(COLUMN()-7)/2+1)*KVARDI,""),"") | CA9: =IF(INDEX(Undirviðmið!$G$6:$G$105,(COLUMN()-7)/2+1)="Starfsbundið",IFERROR(INDEX(Undirviðmið!$E$6:$E$105,(COLUMN()-7)/2+1)*KVARDI,""),"") | CC9: =IF(INDEX(Undirviðmið!$G$6:$G$105,(COLUMN()-7)/2+1)="Starfsbundið",IFERROR(INDEX(Undirviðmið!$E$6:$E$105,(COLUMN()-7)/2+1)*KVARDI,""),"") | CE9: =IF(INDEX(Undirviðmið!$G$6:$G$105,(COLUMN()-7)/2+1)="Starfsbundið",IFERROR(INDEX(Undirviðmið!$E$6:$E$105,(COLUMN()-7)/2+1)*KVARDI,""),"") | CG9: =IF(INDEX(Undirviðmið!$G$6:$G$105,(COLUMN()-7)/2+1)="Starfsbundið",IFERROR(INDEX(Undirviðmið!$E$6:$E$105,(COLUMN()-7)/2+1)*KVARDI,""),"") | CI9: =IF(INDEX(Undirviðmið!$G$6:$G$105,(COLUMN()-7)/2+1)="Starfsbundið",IFERROR(INDEX(Undirviðmið!$E$6:$E$105,(COLUMN()-7)/2+1)*KVARDI,""),"") | CK9: =IF(INDEX(Undirviðmið!$G$6:$G$105,(COLUMN()-7)/2+1)="Starfsbundið",IFERROR(INDEX(Undirviðmið!$E$6:$E$105,(COLUMN()-7)/2+1)*KVARDI,""),"") | CM9: =IF(INDEX(Undirviðmið!$G$6:$G$105,(COLUMN()-7)/2+1)="Starfsbundið",IFERROR(INDEX(Undirviðmið!$E$6:$E$105,(COLUMN()-7)/2+1)*KVARDI,""),"") | CO9: =IF(INDEX(Undirviðmið!$G$6:$G$105,(COLUMN()-7)/2+1)="Starfsbundið",IFERROR(INDEX(Undirviðmið!$E$6:$E$105,(COLUMN()-7)/2+1)*KVARDI,""),"") | CQ9: =IF(INDEX(Undirviðmið!$G$6:$G$105,(COLUMN()-7)/2+1)="Starfsbundið",IFERROR(INDEX(Undirviðmið!$E$6:$E$105,(COLUMN()-7)/2+1)*KVARDI,""),"") | CS9: =IF(INDEX(Undirviðmið!$G$6:$G$105,(COLUMN()-7)/2+1)="Starfsbundið",IFERROR(INDEX(Undirviðmið!$E$6:$E$105,(COLUMN()-7)/2+1)*KVARDI,""),"") | CU9: =IF(INDEX(Undirviðmið!$G$6:$G$105,(COLUMN()-7)/2+1)="Starfsbundið",IFERROR(INDEX(Undirviðmið!$E$6:$E$105,(COLUMN()-7)/2+1)*KVARDI,""),"") | CW9: =IF(INDEX(Undirviðmið!$G$6:$G$105,(COLUMN()-7)/2+1)="Starfsbundið",IFERROR(INDEX(Undirviðmið!$E$6:$E$105,(COLUMN()-7)/2+1)*KVARDI,""),"") | CY9: =IF(INDEX(Undirviðmið!$G$6:$G$105,(COLUMN()-7)/2+1)="Starfsbundið",IFERROR(INDEX(Undirviðmið!$E$6:$E$105,(COLUMN()-7)/2+1)*KVARDI,""),"") | DA9: =IF(INDEX(Undirviðmið!$G$6:$G$105,(COLUMN()-7)/2+1)="Starfsbundið",IFERROR(INDEX(Undirviðmið!$E$6:$E$105,(COLUMN()-7)/2+1)*KVARDI,""),"") | DC9: =IF(INDEX(Undirviðmið!$G$6:$G$105,(COLUMN()-7)/2+1)="Starfsbundið",IFERROR(INDEX(Undirviðmið!$E$6:$E$105,(COLUMN()-7)/2+1)*KVARDI,""),"") | DE9: =IF(INDEX(Undirviðmið!$G$6:$G$105,(COLUMN()-7)/2+1)="Starfsbundið",IFERROR(INDEX(Undirviðmið!$E$6:$E$105,(COLUMN()-7)/2+1)*KVARDI,""),"") | DG9: =IF(INDEX(Undirviðmið!$G$6:$G$105,(COLUMN()-7)/2+1)="Starfsbundið",IFERROR(INDEX(Undirviðmið!$E$6:$E$105,(COLUMN()-7)/2+1)*KVARDI,""),"") | DI9: =IF(INDEX(Undirviðmið!$G$6:$G$105,(COLUMN()-7)/2+1)="Starfsbundið",IFERROR(INDEX(Undirviðmið!$E$6:$E$105,(COLUMN()-7)/2+1)*KVARDI,""),"") | DK9: =IF(INDEX(Undirviðmið!$G$6:$G$105,(COLUMN()-7)/2+1)="Starfsbundið",IFERROR(INDEX(Undirviðmið!$E$6:$E$105,(COLUMN()-7)/2+1)*KVARDI,""),"") | DM9: =IF(INDEX(Undirviðmið!$G$6:$G$105,(COLUMN()-7)/2+1)="Starfsbundið",IFERROR(INDEX(Undirviðmið!$E$6:$E$105,(COLUMN()-7)/2+1)*KVARDI,""),"") | DO9: =IF(INDEX(Undirviðmið!$G$6:$G$105,(COLUMN()-7)/2+1)="Starfsbundið",IFERROR(INDEX(Undirviðmið!$E$6:$E$105,(COLUMN()-7)/2+1)*KVARDI,""),"") | DQ9: =IF(INDEX(Undirviðmið!$G$6:$G$105,(COLUMN()-7)/2+1)="Starfsbundið",IFERROR(INDEX(Undirviðmið!$E$6:$E$105,(COLUMN()-7)/2+1)*KVARDI,""),"") | DS9: =IF(INDEX(Undirviðmið!$G$6:$G$105,(COLUMN()-7)/2+1)="Starfsbundið",IFERROR(INDEX(Undirviðmið!$E$6:$E$105,(COLUMN()-7)/2+1)*KVARDI,""),"") | DU9: =IF(INDEX(Undirviðmið!$G$6:$G$105,(COLUMN()-7)/2+1)="Starfsbundið",IFERROR(INDEX(Undirviðmið!$E$6:$E$105,(COLUMN()-7)/2+1)*KVARDI,""),"") | DW9: =IF(INDEX(Undirviðmið!$G$6:$G$105,(COLUMN()-7)/2+1)="Starfsbundið",IFERROR(INDEX(Undirviðmið!$E$6:$E$105,(COLUMN()-7)/2+1)*KVARDI,""),"") | DY9: =IF(INDEX(Undirviðmið!$G$6:$G$105,(COLUMN()-7)/2+1)="Starfsbundið",IFERROR(INDEX(Undirviðmið!$E$6:$E$105,(COLUMN()-7)/2+1)*KVARDI,""),"") | EA9: =IF(INDEX(Undirviðmið!$G$6:$G$105,(COLUMN()-7)/2+1)="Starfsbundið",IFERROR(INDEX(Undirviðmið!$E$6:$E$105,(COLUMN()-7)/2+1)*KVARDI,""),"") | EC9: =IF(INDEX(Undirviðmið!$G$6:$G$105,(COLUMN()-7)/2+1)="Starfsbundið",IFERROR(INDEX(Undirviðmið!$E$6:$E$105,(COLUMN()-7)/2+1)*KVARDI,""),"") | EE9: =IF(INDEX(Undirviðmið!$G$6:$G$105,(COLUMN()-7)/2+1)="Starfsbundið",IFERROR(INDEX(Undirviðmið!$E$6:$E$105,(COLUMN()-7)/2+1)*KVARDI,""),"") | EG9: =IF(INDEX(Undirviðmið!$G$6:$G$105,(COLUMN()-7)/2+1)="Starfsbundið",IFERROR(INDEX(Undirviðmið!$E$6:$E$105,(COLUMN()-7)/2+1)*KVARDI,""),"") | EI9: =IF(INDEX(Undirviðmið!$G$6:$G$105,(COLUMN()-7)/2+1)="Starfsbundið",IFERROR(INDEX(Undirviðmið!$E$6:$E$105,(COLUMN()-7)/2+1)*KVARDI,""),"") | EK9: =IF(INDEX(Undirviðmið!$G$6:$G$105,(COLUMN()-7)/2+1)="Starfsbundið",IFERROR(INDEX(Undirviðmið!$E$6:$E$105,(COLUMN()-7)/2+1)*KVARDI,""),"") | EM9: =IF(INDEX(Undirviðmið!$G$6:$G$105,(COLUMN()-7)/2+1)="Starfsbundið",IFERROR(INDEX(Undirviðmið!$E$6:$E$105,(COLUMN()-7)/2+1)*KVARDI,""),"") | EO9: =IF(INDEX(Undirviðmið!$G$6:$G$105,(COLUMN()-7)/2+1)="Starfsbundið",IFERROR(INDEX(Undirviðmið!$E$6:$E$105,(COLUMN()-7)/2+1)*KVARDI,""),"") | EQ9: =IF(INDEX(Undirviðmið!$G$6:$G$105,(COLUMN()-7)/2+1)="Starfsbundið",IFERROR(INDEX(Undirviðmið!$E$6:$E$105,(COLUMN()-7)/2+1)*KVARDI,""),"") | ES9: =IF(INDEX(Undirviðmið!$G$6:$G$105,(COLUMN()-7)/2+1)="Starfsbundið",IFERROR(INDEX(Undirviðmið!$E$6:$E$105,(COLUMN()-7)/2+1)*KVARDI,""),"") | EU9: =IF(INDEX(Undirviðmið!$G$6:$G$105,(COLUMN()-7)/2+1)="Starfsbundið",IFERROR(INDEX(Undirviðmið!$E$6:$E$105,(COLUMN()-7)/2+1)*KVARDI,""),"") | EW9: =IF(INDEX(Undirviðmið!$G$6:$G$105,(COLUMN()-7)/2+1)="Starfsbundið",IFERROR(INDEX(Undirviðmið!$E$6:$E$105,(COLUMN()-7)/2+1)*KVARDI,""),"") | EY9: =IF(INDEX(Undirviðmið!$G$6:$G$105,(COLUMN()-7)/2+1)="Starfsbundið",IFERROR(INDEX(Undirviðmið!$E$6:$E$105,(COLUMN()-7)/2+1)*KVARDI,""),"") | FA9: =IF(INDEX(Undirviðmið!$G$6:$G$105,(COLUMN()-7)/2+1)="Starfsbundið",IFERROR(INDEX(Undirviðmið!$E$6:$E$105,(COLUMN()-7)/2+1)*KVARDI,""),"") | FC9: =IF(INDEX(Undirviðmið!$G$6:$G$105,(COLUMN()-7)/2+1)="Starfsbundið",IFERROR(INDEX(Undirviðmið!$E$6:$E$105,(COLUMN()-7)/2+1)*KVARDI,""),"") | FE9: =IF(INDEX(Undirviðmið!$G$6:$G$105,(COLUMN()-7)/2+1)="Starfsbundið",IFERROR(INDEX(Undirviðmið!$E$6:$E$105,(COLUMN()-7)/2+1)*KVARDI,""),"") | FG9: =IF(INDEX(Undirviðmið!$G$6:$G$105,(COLUMN()-7)/2+1)="Starfsbundið",IFERROR(INDEX(Undirviðmið!$E$6:$E$105,(COLUMN()-7)/2+1)*KVARDI,""),"") | FI9: =IF(INDEX(Undirviðmið!$G$6:$G$105,(COLUMN()-7)/2+1)="Starfsbundið",IFERROR(INDEX(Undirviðmið!$E$6:$E$105,(COLUMN()-7)/2+1)*KVARDI,""),"") | FK9: =IF(INDEX(Undirviðmið!$G$6:$G$105,(COLUMN()-7)/2+1)="Starfsbundið",IFERROR(INDEX(Undirviðmið!$E$6:$E$105,(COLUMN()-7)/2+1)*KVARDI,""),"") | FM9: =IF(INDEX(Undirviðmið!$G$6:$G$105,(COLUMN()-7)/2+1)="Starfsbundið",IFERROR(INDEX(Undirviðmið!$E$6:$E$105,(COLUMN()-7)/2+1)*KVARDI,""),"") | FO9: =IF(INDEX(Undirviðmið!$G$6:$G$105,(COLUMN()-7)/2+1)="Starfsbundið",IFERROR(INDEX(Undirviðmið!$E$6:$E$105,(COLUMN()-7)/2+1)*KVARDI,""),"") | FQ9: =IF(INDEX(Undirviðmið!$G$6:$G$105,(COLUMN()-7)/2+1)="Starfsbundið",IFERROR(INDEX(Undirviðmið!$E$6:$E$105,(COLUMN()-7)/2+1)*KVARDI,""),"") | FS9: =IF(INDEX(Undirviðmið!$G$6:$G$105,(COLUMN()-7)/2+1)="Starfsbundið",IFERROR(INDEX(Undirviðmið!$E$6:$E$105,(COLUMN()-7)/2+1)*KVARDI,""),"") | FU9: =IF(INDEX(Undirviðmið!$G$6:$G$105,(COLUMN()-7)/2+1)="Starfsbundið",IFERROR(INDEX(Undirviðmið!$E$6:$E$105,(COLUMN()-7)/2+1)*KVARDI,""),"") | FW9: =IF(INDEX(Undirviðmið!$G$6:$G$105,(COLUMN()-7)/2+1)="Starfsbundið",IFERROR(INDEX(Undirviðmið!$E$6:$E$105,(COLUMN()-7)/2+1)*KVARDI,""),"") | FY9: =IF(INDEX(Undirviðmið!$G$6:$G$105,(COLUMN()-7)/2+1)="Starfsbundið",IFERROR(INDEX(Undirviðmið!$E$6:$E$105,(COLUMN()-7)/2+1)*KVARDI,""),"") | GA9: =IF(INDEX(Undirviðmið!$G$6:$G$105,(COLUMN()-7)/2+1)="Starfsbundið",IFERROR(INDEX(Undirviðmið!$E$6:$E$105,(COLUMN()-7)/2+1)*KVARDI,""),"") | GC9: =IF(INDEX(Undirviðmið!$G$6:$G$105,(COLUMN()-7)/2+1)="Starfsbundið",IFERROR(INDEX(Undirviðmið!$E$6:$E$105,(COLUMN()-7)/2+1)*KVARDI,""),"") | GE9: =IF(INDEX(Undirviðmið!$G$6:$G$105,(COLUMN()-7)/2+1)="Starfsbundið",IFERROR(INDEX(Undirviðmið!$E$6:$E$105,(COLUMN()-7)/2+1)*KVARDI,""),"") | GG9: =IF(INDEX(Undirviðmið!$G$6:$G$105,(COLUMN()-7)/2+1)="Starfsbundið",IFERROR(INDEX(Undirviðmið!$E$6:$E$105,(COLUMN()-7)/2+1)*KVARDI,""),"") | GI9: =IF(INDEX(Undirviðmið!$G$6:$G$105,(COLUMN()-7)/2+1)="Starfsbundið",IFERROR(INDEX(Undirviðmið!$E$6:$E$105,(COLUMN()-7)/2+1)*KVARDI,""),"") | GK9: =IF(INDEX(Undirviðmið!$G$6:$G$105,(COLUMN()-7)/2+1)="Starfsbundið",IFERROR(INDEX(Undirviðmið!$E$6:$E$105,(COLUMN()-7)/2+1)*KVARDI,""),"") | GM9: =IF(INDEX(Undirviðmið!$G$6:$G$105,(COLUMN()-7)/2+1)="Starfsbundið",IFERROR(INDEX(Undirviðmið!$E$6:$E$105,(COLUMN()-7)/2+1)*KVARDI,""),"") | GO9: =IF(INDEX(Undirviðmið!$G$6:$G$105,(COLUMN()-7)/2+1)="Starfsbundið",IFERROR(INDEX(Undirviðmið!$E$6:$E$105,(COLUMN()-7)/2+1)*KVARDI,""),"") | GQ9: =IF(INDEX(Undirviðmið!$G$6:$G$105,(COLUMN()-7)/2+1)="Starfsbundið",IFERROR(INDEX(Undirviðmið!$E$6:$E$105,(COLUMN()-7)/2+1)*KVARDI,""),"") | GS9: =IF(INDEX(Undirviðmið!$G$6:$G$105,(COLUMN()-7)/2+1)="Starfsbundið",IFERROR(INDEX(Undirviðmið!$E$6:$E$105,(COLUMN()-7)/2+1)*KVARDI,""),"") | GU9: =IF(INDEX(Undirviðmið!$G$6:$G$105,(COLUMN()-7)/2+1)="Starfsbundið",IFERROR(INDEX(Undirviðmið!$E$6:$E$105,(COLUMN()-7)/2+1)*KVARDI,""),"") | GW9: =IF(INDEX(Undirviðmið!$G$6:$G$105,(COLUMN()-7)/2+1)="Starfsbundið",IFERROR(INDEX(Undirviðmið!$E$6:$E$105,(COLUMN()-7)/2+1)*KVARDI,""),"")
B10: Starfsheiti | C10: Samtals stig | G10: =IF(G$6="","","Þrep") | H10: =IF(G$6="","","Stig") | I10: =IF(I$6="","","Þrep") | J10: =IF(I$6="","","Stig") | K10: =IF(K$6="","","Þrep") | L10: =IF(K$6="","","Stig") | M10: =IF(M$6="","","Þrep") | N10: =IF(M$6="","","Stig") | O10: =IF(O$6="","","Þrep") | P10: =IF(O$6="","","Stig") | Q10: =IF(Q$6="","","Þrep") | R10: =IF(Q$6="","","Stig") | S10: =IF(S$6="","","Þrep") | T10: =IF(S$6="","","Stig") | U10: =IF(U$6="","","Þrep") | V10: =IF(U$6="","","Stig") | W10: =IF(W$6="","","Þrep") | X10: =IF(W$6="","","Stig") | Y10: =IF(Y$6="","","Þrep") | Z10: =IF(Y$6="","","Stig") | AA10: =IF(AA$6="","","Þrep") | AB10: =IF(AA$6="","","Stig") | AC10: =IF(AC$6="","","Þrep") | AD10: =IF(AC$6="","","Stig") | AE10: =IF(AE$6="","","Þrep") | AF10: =IF(AE$6="","","Stig") | AG10: =IF(AG$6="","","Þrep") | AH10: =IF(AG$6="","","Stig") | AI10: =IF(AI$6="","","Þrep") | AJ10: =IF(AI$6="","","Stig") | AK10: =IF(AK$6="","","Þrep") | AL10: =IF(AK$6="","","Stig") | AM10: =IF(AM$6="","","Þrep") | AN10: =IF(AM$6="","","Stig") | AO10: =IF(AO$6="","","Þrep") | AP10: =IF(AO$6="","","Stig") | AQ10: =IF(AQ$6="","","Þrep") | AR10: =IF(AQ$6="","","Stig") | AS10: =IF(AS$6="","","Þrep") | AT10: =IF(AS$6="","","Stig") | AU10: =IF(AU$6="","","Þrep") | AV10: =IF(AU$6="","","Stig") | AW10: =IF(AW$6="","","Þrep") | AX10: =IF(AW$6="","","Stig") | AY10: =IF(AY$6="","","Þrep") | AZ10: =IF(AY$6="","","Stig") | BA10: =IF(BA$6="","","Þrep") | BB10: =IF(BA$6="","","Stig") | BC10: =IF(BC$6="","","Þrep") | BD10: =IF(BC$6="","","Stig") | BE10: =IF(BE$6="","","Þrep") | BF10: =IF(BE$6="","","Stig") | BG10: =IF(BG$6="","","Þrep") | BH10: =IF(BG$6="","","Stig") | BI10: =IF(BI$6="","","Þrep") | BJ10: =IF(BI$6="","","Stig") | BK10: =IF(BK$6="","","Þrep") | BL10: =IF(BK$6="","","Stig") | BM10: =IF(BM$6="","","Þrep") | BN10: =IF(BM$6="","","Stig") | BO10: =IF(BO$6="","","Þrep") | BP10: =IF(BO$6="","","Stig") | BQ10: =IF(BQ$6="","","Þrep") | BR10: =IF(BQ$6="","","Stig") | BS10: =IF(BS$6="","","Þrep") | BT10: =IF(BS$6="","","Stig") | BU10: =IF(BU$6="","","Þrep") | BV10: =IF(BU$6="","","Stig") | BW10: =IF(BW$6="","","Þrep") | BX10: =IF(BW$6="","","Stig") | BY10: =IF(BY$6="","","Þrep") | BZ10: =IF(BY$6="","","Stig") | CA10: =IF(CA$6="","","Þrep") | CB10: =IF(CA$6="","","Stig") | CC10: =IF(CC$6="","","Þrep") | CD10: =IF(CC$6="","","Stig") | CE10: =IF(CE$6="","","Þrep") | CF10: =IF(CE$6="","","Stig") | CG10: =IF(CG$6="","","Þrep") | CH10: =IF(CG$6="","","Stig") | CI10: =IF(CI$6="","","Þrep") | CJ10: =IF(CI$6="","","Stig") | CK10: =IF(CK$6="","","Þrep") | CL10: =IF(CK$6="","","Stig") | CM10: =IF(CM$6="","","Þrep") | CN10: =IF(CM$6="","","Stig") | CO10: =IF(CO$6="","","Þrep") | CP10: =IF(CO$6="","","Stig") | CQ10: =IF(CQ$6="","","Þrep") | CR10: =IF(CQ$6="","","Stig") | CS10: =IF(CS$6="","","Þrep") | CT10: =IF(CS$6="","","Stig") | CU10: =IF(CU$6="","","Þrep") | CV10: =IF(CU$6="","","Stig") | CW10: =IF(CW$6="","","Þrep") | CX10: =IF(CW$6="","","Stig") | CY10: =IF(CY$6="","","Þrep") | CZ10: =IF(CY$6="","","Stig") | DA10: =IF(DA$6="","","Þrep") | DB10: =IF(DA$6="","","Stig") | DC10: =IF(DC$6="","","Þrep") | DD10: =IF(DC$6="","","Stig") | DE10: =IF(DE$6="","","Þrep") | DF10: =IF(DE$6="","","Stig") | DG10: =IF(DG$6="","","Þrep") | DH10: =IF(DG$6="","","Stig") | DI10: =IF(DI$6="","","Þrep") | DJ10: =IF(DI$6="","","Stig") | DK10: =IF(DK$6="","","Þrep") | DL10: =IF(DK$6="","","Stig") | DM10: =IF(DM$6="","","Þrep") | DN10: =IF(DM$6="","","Stig") | DO10: =IF(DO$6="","","Þrep") | DP10: =IF(DO$6="","","Stig") | DQ10: =IF(DQ$6="","","Þrep") | DR10: =IF(DQ$6="","","Stig") | DS10: =IF(DS$6="","","Þrep") | DT10: =IF(DS$6="","","Stig") | DU10: =IF(DU$6="","","Þrep") | DV10: =IF(DU$6="","","Stig") | DW10: =IF(DW$6="","","Þrep") | DX10: =IF(DW$6="","","Stig") | DY10: =IF(DY$6="","","Þrep") | DZ10: =IF(DY$6="","","Stig") | EA10: =IF(EA$6="","","Þrep") | EB10: =IF(EA$6="","","Stig") | EC10: =IF(EC$6="","","Þrep") | ED10: =IF(EC$6="","","Stig") | EE10: =IF(EE$6="","","Þrep") | EF10: =IF(EE$6="","","Stig") | EG10: =IF(EG$6="","","Þrep") | EH10: =IF(EG$6="","","Stig") | EI10: =IF(EI$6="","","Þrep") | EJ10: =IF(EI$6="","","Stig") | EK10: =IF(EK$6="","","Þrep") | EL10: =IF(EK$6="","","Stig") | EM10: =IF(EM$6="","","Þrep") | EN10: =IF(EM$6="","","Stig") | EO10: =IF(EO$6="","","Þrep") | EP10: =IF(EO$6="","","Stig") | EQ10: =IF(EQ$6="","","Þrep") | ER10: =IF(EQ$6="","","Stig") | ES10: =IF(ES$6="","","Þrep") | ET10: =IF(ES$6="","","Stig") | EU10: =IF(EU$6="","","Þrep") | EV10: =IF(EU$6="","","Stig") | EW10: =IF(EW$6="","","Þrep") | EX10: =IF(EW$6="","","Stig") | EY10: =IF(EY$6="","","Þrep") | EZ10: =IF(EY$6="","","Stig") | FA10: =IF(FA$6="","","Þrep") | FB10: =IF(FA$6="","","Stig") | FC10: =IF(FC$6="","","Þrep") | FD10: =IF(FC$6="","","Stig") | FE10: =IF(FE$6="","","Þrep") | FF10: =IF(FE$6="","","Stig") | FG10: =IF(FG$6="","","Þrep") | FH10: =IF(FG$6="","","Stig") | FI10: =IF(FI$6="","","Þrep") | FJ10: =IF(FI$6="","","Stig") | FK10: =IF(FK$6="","","Þrep") | FL10: =IF(FK$6="","","Stig") | FM10: =IF(FM$6="","","Þrep") | FN10: =IF(FM$6="","","Stig") | FO10: =IF(FO$6="","","Þrep") | FP10: =IF(FO$6="","","Stig") | FQ10: =IF(FQ$6="","","Þrep") | FR10: =IF(FQ$6="","","Stig") | FS10: =IF(FS$6="","","Þrep") | FT10: =IF(FS$6="","","Stig") | FU10: =IF(FU$6="","","Þrep") | FV10: =IF(FU$6="","","Stig") | FW10: =IF(FW$6="","","Þrep") | FX10: =IF(FW$6="","","Stig") | FY10: =IF(FY$6="","","Þrep") | FZ10: =IF(FY$6="","","Stig") | GA10: =IF(GA$6="","","Þrep") | GB10: =IF(GA$6="","","Stig") | GC10: =IF(GC$6="","","Þrep") | GD10: =IF(GC$6="","","Stig") | GE10: =IF(GE$6="","","Þrep") | GF10: =IF(GE$6="","","Stig") | GG10: =IF(GG$6="","","Þrep") | GH10: =IF(GG$6="","","Stig") | GI10: =IF(GI$6="","","Þrep") | GJ10: =IF(GI$6="","","Stig") | GK10: =IF(GK$6="","","Þrep") | GL10: =IF(GK$6="","","Stig") | GM10: =IF(GM$6="","","Þrep") | GN10: =IF(GM$6="","","Stig") | GO10: =IF(GO$6="","","Þrep") | GP10: =IF(GO$6="","","Stig") | GQ10: =IF(GQ$6="","","Þrep") | GR10: =IF(GQ$6="","","Stig") | GS10: =IF(GS$6="","","Þrep") | GT10: =IF(GS$6="","","Stig") | GU10: =IF(GU$6="","","Þrep") | GV10: =IF(GU$6="","","Stig") | GW10: =IF(GW$6="","","Þrep") | GX10: =IF(GW$6="","","Stig")
B11: {=IFERROR(INDEX(Starfsmenn!$C$6:$C$10005,MATCH(1,(Starfsmenn!$C$6:$C$10005<>"")*1,0)),"")} | C11: =IFERROR(SUMIF($G$10:$GX$10,"Stig",$G11:$GX11),0) -> 0 | H11: =IF(OR(INDEX(Undirviðmið!$G$6:$G$105,(COLUMN()-7-1)/2+1)<>"Starfsbundið",G11="",G$8="",G$7=""),"",ROUND(G11/G$8*G$7*KVARDI,2)) | J11: =IF(OR(INDEX(Undirviðmið!$G$6:$G$105,(COLUMN()-7-1)/2+1)<>"Starfsbundið",I11="",I$8="",I$7=""),"",ROUND(I11/I$8*I$7*KVARDI,2)) | L11: =IF(OR(INDEX(Undirviðmið!$G$6:$G$105,(COLUMN()-7-1)/2+1)<>"Starfsbundið",K11="",K$8="",K$7=""),"",ROUND(K11/K$8*K$7*KVARDI,2)) | N11: =IF(OR(INDEX(Undirviðmið!$G$6:$G$105,(COLUMN()-7-1)/2+1)<>"Starfsbundið",M11="",M$8="",M$7=""),"",ROUND(M11/M$8*M$7*KVARDI,2)) | P11: =IF(OR(INDEX(Undirviðmið!$G$6:$G$105,(COLUMN()-7-1)/2+1)<>"Starfsbundið",O11="",O$8="",O$7=""),"",ROUND(O11/O$8*O$7*KVARDI,2)) | R11: =IF(OR(INDEX(Undirviðmið!$G$6:$G$105,(COLUMN()-7-1)/2+1)<>"Starfsbundið",Q11="",Q$8="",Q$7=""),"",ROUND(Q11/Q$8*Q$7*KVARDI,2)) | T11: =IF(OR(INDEX(Undirviðmið!$G$6:$G$105,(COLUMN()-7-1)/2+1)<>"Starfsbundið",S11="",S$8="",S$7=""),"",ROUND(S11/S$8*S$7*KVARDI,2)) | V11: =IF(OR(INDEX(Undirviðmið!$G$6:$G$105,(COLUMN()-7-1)/2+1)<>"Starfsbundið",U11="",U$8="",U$7=""),"",ROUND(U11/U$8*U$7*KVARDI,2)) | X11: =IF(OR(INDEX(Undirviðmið!$G$6:$G$105,(COLUMN()-7-1)/2+1)<>"Starfsbundið",W11="",W$8="",W$7=""),"",ROUND(W11/W$8*W$7*KVARDI,2)) | Z11: =IF(OR(INDEX(Undirviðmið!$G$6:$G$105,(COLUMN()-7-1)/2+1)<>"Starfsbundið",Y11="",Y$8="",Y$7=""),"",ROUND(Y11/Y$8*Y$7*KVARDI,2)) | AB11: =IF(OR(INDEX(Undirviðmið!$G$6:$G$105,(COLUMN()-7-1)/2+1)<>"Starfsbundið",AA11="",AA$8="",AA$7=""),"",ROUND(AA11/AA$8*AA$7*KVARDI,2)) | AD11: =IF(OR(INDEX(Undirviðmið!$G$6:$G$105,(COLUMN()-7-1)/2+1)<>"Starfsbundið",AC11="",AC$8="",AC$7=""),"",ROUND(AC11/AC$8*AC$7*KVARDI,2)) | AF11: =IF(OR(INDEX(Undirviðmið!$G$6:$G$105,(COLUMN()-7-1)/2+1)<>"Starfsbundið",AE11="",AE$8="",AE$7=""),"",ROUND(AE11/AE$8*AE$7*KVARDI,2)) | AH11: =IF(OR(INDEX(Undirviðmið!$G$6:$G$105,(COLUMN()-7-1)/2+1)<>"Starfsbundið",AG11="",AG$8="",AG$7=""),"",ROUND(AG11/AG$8*AG$7*KVARDI,2)) | AJ11: =IF(OR(INDEX(Undirviðmið!$G$6:$G$105,(COLUMN()-7-1)/2+1)<>"Starfsbundið",AI11="",AI$8="",AI$7=""),"",ROUND(AI11/AI$8*AI$7*KVARDI,2)) | AL11: =IF(OR(INDEX(Undirviðmið!$G$6:$G$105,(COLUMN()-7-1)/2+1)<>"Starfsbundið",AK11="",AK$8="",AK$7=""),"",ROUND(AK11/AK$8*AK$7*KVARDI,2)) | AN11: =IF(OR(INDEX(Undirviðmið!$G$6:$G$105,(COLUMN()-7-1)/2+1)<>"Starfsbundið",AM11="",AM$8="",AM$7=""),"",ROUND(AM11/AM$8*AM$7*KVARDI,2)) | AP11: =IF(OR(INDEX(Undirviðmið!$G$6:$G$105,(COLUMN()-7-1)/2+1)<>"Starfsbundið",AO11="",AO$8="",AO$7=""),"",ROUND(AO11/AO$8*AO$7*KVARDI,2)) | AR11: =IF(OR(INDEX(Undirviðmið!$G$6:$G$105,(COLUMN()-7-1)/2+1)<>"Starfsbundið",AQ11="",AQ$8="",AQ$7=""),"",ROUND(AQ11/AQ$8*AQ$7*KVARDI,2)) | AT11: =IF(OR(INDEX(Undirviðmið!$G$6:$G$105,(COLUMN()-7-1)/2+1)<>"Starfsbundið",AS11="",AS$8="",AS$7=""),"",ROUND(AS11/AS$8*AS$7*KVARDI,2)) | AV11: =IF(OR(INDEX(Undirviðmið!$G$6:$G$105,(COLUMN()-7-1)/2+1)<>"Starfsbundið",AU11="",AU$8="",AU$7=""),"",ROUND(AU11/AU$8*AU$7*KVARDI,2)) | AX11: =IF(OR(INDEX(Undirviðmið!$G$6:$G$105,(COLUMN()-7-1)/2+1)<>"Starfsbundið",AW11="",AW$8="",AW$7=""),"",ROUND(AW11/AW$8*AW$7*KVARDI,2)) | AZ11: =IF(OR(INDEX(Undirviðmið!$G$6:$G$105,(COLUMN()-7-1)/2+1)<>"Starfsbundið",AY11="",AY$8="",AY$7=""),"",ROUND(AY11/AY$8*AY$7*KVARDI,2)) | BB11: =IF(OR(INDEX(Undirviðmið!$G$6:$G$105,(COLUMN()-7-1)/2+1)<>"Starfsbundið",BA11="",BA$8="",BA$7=""),"",ROUND(BA11/BA$8*BA$7*KVARDI,2)) | BD11: =IF(OR(INDEX(Undirviðmið!$G$6:$G$105,(COLUMN()-7-1)/2+1)<>"Starfsbundið",BC11="",BC$8="",BC$7=""),"",ROUND(BC11/BC$8*BC$7*KVARDI,2)) | BF11: =IF(OR(INDEX(Undirviðmið!$G$6:$G$105,(COLUMN()-7-1)/2+1)<>"Starfsbundið",BE11="",BE$8="",BE$7=""),"",ROUND(BE11/BE$8*BE$7*KVARDI,2)) | BH11: =IF(OR(INDEX(Undirviðmið!$G$6:$G$105,(COLUMN()-7-1)/2+1)<>"Starfsbundið",BG11="",BG$8="",BG$7=""),"",ROUND(BG11/BG$8*BG$7*KVARDI,2)) | BJ11: =IF(OR(INDEX(Undirviðmið!$G$6:$G$105,(COLUMN()-7-1)/2+1)<>"Starfsbundið",BI11="",BI$8="",BI$7=""),"",ROUND(BI11/BI$8*BI$7*KVARDI,2)) | BL11: =IF(OR(INDEX(Undirviðmið!$G$6:$G$105,(COLUMN()-7-1)/2+1)<>"Starfsbundið",BK11="",BK$8="",BK$7=""),"",ROUND(BK11/BK$8*BK$7*KVARDI,2)) | BN11: =IF(OR(INDEX(Undirviðmið!$G$6:$G$105,(COLUMN()-7-1)/2+1)<>"Starfsbundið",BM11="",BM$8="",BM$7=""),"",ROUND(BM11/BM$8*BM$7*KVARDI,2)) | BP11: =IF(OR(INDEX(Undirviðmið!$G$6:$G$105,(COLUMN()-7-1)/2+1)<>"Starfsbundið",BO11="",BO$8="",BO$7=""),"",ROUND(BO11/BO$8*BO$7*KVARDI,2)) | BR11: =IF(OR(INDEX(Undirviðmið!$G$6:$G$105,(COLUMN()-7-1)/2+1)<>"Starfsbundið",BQ11="",BQ$8="",BQ$7=""),"",ROUND(BQ11/BQ$8*BQ$7*KVARDI,2)) | BT11: =IF(OR(INDEX(Undirviðmið!$G$6:$G$105,(COLUMN()-7-1)/2+1)<>"Starfsbundið",BS11="",BS$8="",BS$7=""),"",ROUND(BS11/BS$8*BS$7*KVARDI,2)) | BV11: =IF(OR(INDEX(Undirviðmið!$G$6:$G$105,(COLUMN()-7-1)/2+1)<>"Starfsbundið",BU11="",BU$8="",BU$7=""),"",ROUND(BU11/BU$8*BU$7*KVARDI,2)) | BX11: =IF(OR(INDEX(Undirviðmið!$G$6:$G$105,(COLUMN()-7-1)/2+1)<>"Starfsbundið",BW11="",BW$8="",BW$7=""),"",ROUND(BW11/BW$8*BW$7*KVARDI,2)) | BZ11: =IF(OR(INDEX(Undirviðmið!$G$6:$G$105,(COLUMN()-7-1)/2+1)<>"Starfsbundið",BY11="",BY$8="",BY$7=""),"",ROUND(BY11/BY$8*BY$7*KVARDI,2)) | CB11: =IF(OR(INDEX(Undirviðmið!$G$6:$G$105,(COLUMN()-7-1)/2+1)<>"Starfsbundið",CA11="",CA$8="",CA$7=""),"",ROUND(CA11/CA$8*CA$7*KVARDI,2)) | CD11: =IF(OR(INDEX(Undirviðmið!$G$6:$G$105,(COLUMN()-7-1)/2+1)<>"Starfsbundið",CC11="",CC$8="",CC$7=""),"",ROUND(CC11/CC$8*CC$7*KVARDI,2)) | CF11: =IF(OR(INDEX(Undirviðmið!$G$6:$G$105,(COLUMN()-7-1)/2+1)<>"Starfsbundið",CE11="",CE$8="",CE$7=""),"",ROUND(CE11/CE$8*CE$7*KVARDI,2)) | CH11: =IF(OR(INDEX(Undirviðmið!$G$6:$G$105,(COLUMN()-7-1)/2+1)<>"Starfsbundið",CG11="",CG$8="",CG$7=""),"",ROUND(CG11/CG$8*CG$7*KVARDI,2)) | CJ11: =IF(OR(INDEX(Undirviðmið!$G$6:$G$105,(COLUMN()-7-1)/2+1)<>"Starfsbundið",CI11="",CI$8="",CI$7=""),"",ROUND(CI11/CI$8*CI$7*KVARDI,2)) | CL11: =IF(OR(INDEX(Undirviðmið!$G$6:$G$105,(COLUMN()-7-1)/2+1)<>"Starfsbundið",CK11="",CK$8="",CK$7=""),"",ROUND(CK11/CK$8*CK$7*KVARDI,2)) | CN11: =IF(OR(INDEX(Undirviðmið!$G$6:$G$105,(COLUMN()-7-1)/2+1)<>"Starfsbundið",CM11="",CM$8="",CM$7=""),"",ROUND(CM11/CM$8*CM$7*KVARDI,2)) | CP11: =IF(OR(INDEX(Undirviðmið!$G$6:$G$105,(COLUMN()-7-1)/2+1)<>"Starfsbundið",CO11="",CO$8="",CO$7=""),"",ROUND(CO11/CO$8*CO$7*KVARDI,2)) | CR11: =IF(OR(INDEX(Undirviðmið!$G$6:$G$105,(COLUMN()-7-1)/2+1)<>"Starfsbundið",CQ11="",CQ$8="",CQ$7=""),"",ROUND(CQ11/CQ$8*CQ$7*KVARDI,2)) | CT11: =IF(OR(INDEX(Undirviðmið!$G$6:$G$105,(COLUMN()-7-1)/2+1)<>"Starfsbundið",CS11="",CS$8="",CS$7=""),"",ROUND(CS11/CS$8*CS$7*KVARDI,2)) | CV11: =IF(OR(INDEX(Undirviðmið!$G$6:$G$105,(COLUMN()-7-1)/2+1)<>"Starfsbundið",CU11="",CU$8="",CU$7=""),"",ROUND(CU11/CU$8*CU$7*KVARDI,2)) | CX11: =IF(OR(INDEX(Undirviðmið!$G$6:$G$105,(COLUMN()-7-1)/2+1)<>"Starfsbundið",CW11="",CW$8="",CW$7=""),"",ROUND(CW11/CW$8*CW$7*KVARDI,2)) | CZ11: =IF(OR(INDEX(Undirviðmið!$G$6:$G$105,(COLUMN()-7-1)/2+1)<>"Starfsbundið",CY11="",CY$8="",CY$7=""),"",ROUND(CY11/CY$8*CY$7*KVARDI,2)) | DB11: =IF(OR(INDEX(Undirviðmið!$G$6:$G$105,(COLUMN()-7-1)/2+1)<>"Starfsbundið",DA11="",DA$8="",DA$7=""),"",ROUND(DA11/DA$8*DA$7*KVARDI,2)) | DD11: =IF(OR(INDEX(Undirviðmið!$G$6:$G$105,(COLUMN()-7-1)/2+1)<>"Starfsbundið",DC11="",DC$8="",DC$7=""),"",ROUND(DC11/DC$8*DC$7*KVARDI,2)) | DF11: =IF(OR(INDEX(Undirviðmið!$G$6:$G$105,(COLUMN()-7-1)/2+1)<>"Starfsbundið",DE11="",DE$8="",DE$7=""),"",ROUND(DE11/DE$8*DE$7*KVARDI,2)) | DH11: =IF(OR(INDEX(Undirviðmið!$G$6:$G$105,(COLUMN()-7-1)/2+1)<>"Starfsbundið",DG11="",DG$8="",DG$7=""),"",ROUND(DG11/DG$8*DG$7*KVARDI,2)) | DJ11: =IF(OR(INDEX(Undirviðmið!$G$6:$G$105,(COLUMN()-7-1)/2+1)<>"Starfsbundið",DI11="",DI$8="",DI$7=""),"",ROUND(DI11/DI$8*DI$7*KVARDI,2)) | DL11: =IF(OR(INDEX(Undirviðmið!$G$6:$G$105,(COLUMN()-7-1)/2+1)<>"Starfsbundið",DK11="",DK$8="",DK$7=""),"",ROUND(DK11/DK$8*DK$7*KVARDI,2)) | DN11: =IF(OR(INDEX(Undirviðmið!$G$6:$G$105,(COLUMN()-7-1)/2+1)<>"Starfsbundið",DM11="",DM$8="",DM$7=""),"",ROUND(DM11/DM$8*DM$7*KVARDI,2)) | DP11: =IF(OR(INDEX(Undirviðmið!$G$6:$G$105,(COLUMN()-7-1)/2+1)<>"Starfsbundið",DO11="",DO$8="",DO$7=""),"",ROUND(DO11/DO$8*DO$7*KVARDI,2)) | DR11: =IF(OR(INDEX(Undirviðmið!$G$6:$G$105,(COLUMN()-7-1)/2+1)<>"Starfsbundið",DQ11="",DQ$8="",DQ$7=""),"",ROUND(DQ11/DQ$8*DQ$7*KVARDI,2)) | DT11: =IF(OR(INDEX(Undirviðmið!$G$6:$G$105,(COLUMN()-7-1)/2+1)<>"Starfsbundið",DS11="",DS$8="",DS$7=""),"",ROUND(DS11/DS$8*DS$7*KVARDI,2)) | DV11: =IF(OR(INDEX(Undirviðmið!$G$6:$G$105,(COLUMN()-7-1)/2+1)<>"Starfsbundið",DU11="",DU$8="",DU$7=""),"",ROUND(DU11/DU$8*DU$7*KVARDI,2)) | DX11: =IF(OR(INDEX(Undirviðmið!$G$6:$G$105,(COLUMN()-7-1)/2+1)<>"Starfsbundið",DW11="",DW$8="",DW$7=""),"",ROUND(DW11/DW$8*DW$7*KVARDI,2)) | DZ11: =IF(OR(INDEX(Undirviðmið!$G$6:$G$105,(COLUMN()-7-1)/2+1)<>"Starfsbundið",DY11="",DY$8="",DY$7=""),"",ROUND(DY11/DY$8*DY$7*KVARDI,2)) | EB11: =IF(OR(INDEX(Undirviðmið!$G$6:$G$105,(COLUMN()-7-1)/2+1)<>"Starfsbundið",EA11="",EA$8="",EA$7=""),"",ROUND(EA11/EA$8*EA$7*KVARDI,2)) | ED11: =IF(OR(INDEX(Undirviðmið!$G$6:$G$105,(COLUMN()-7-1)/2+1)<>"Starfsbundið",EC11="",EC$8="",EC$7=""),"",ROUND(EC11/EC$8*EC$7*KVARDI,2)) | EF11: =IF(OR(INDEX(Undirviðmið!$G$6:$G$105,(COLUMN()-7-1)/2+1)<>"Starfsbundið",EE11="",EE$8="",EE$7=""),"",ROUND(EE11/EE$8*EE$7*KVARDI,2)) | EH11: =IF(OR(INDEX(Undirviðmið!$G$6:$G$105,(COLUMN()-7-1)/2+1)<>"Starfsbundið",EG11="",EG$8="",EG$7=""),"",ROUND(EG11/EG$8*EG$7*KVARDI,2)) | EJ11: =IF(OR(INDEX(Undirviðmið!$G$6:$G$105,(COLUMN()-7-1)/2+1)<>"Starfsbundið",EI11="",EI$8="",EI$7=""),"",ROUND(EI11/EI$8*EI$7*KVARDI,2)) | EL11: =IF(OR(INDEX(Undirviðmið!$G$6:$G$105,(COLUMN()-7-1)/2+1)<>"Starfsbundið",EK11="",EK$8="",EK$7=""),"",ROUND(EK11/EK$8*EK$7*KVARDI,2)) | EN11: =IF(OR(INDEX(Undirviðmið!$G$6:$G$105,(COLUMN()-7-1)/2+1)<>"Starfsbundið",EM11="",EM$8="",EM$7=""),"",ROUND(EM11/EM$8*EM$7*KVARDI,2)) | EP11: =IF(OR(INDEX(Undirviðmið!$G$6:$G$105,(COLUMN()-7-1)/2+1)<>"Starfsbundið",EO11="",EO$8="",EO$7=""),"",ROUND(EO11/EO$8*EO$7*KVARDI,2)) | ER11: =IF(OR(INDEX(Undirviðmið!$G$6:$G$105,(COLUMN()-7-1)/2+1)<>"Starfsbundið",EQ11="",EQ$8="",EQ$7=""),"",ROUND(EQ11/EQ$8*EQ$7*KVARDI,2)) | ET11: =IF(OR(INDEX(Undirviðmið!$G$6:$G$105,(COLUMN()-7-1)/2+1)<>"Starfsbundið",ES11="",ES$8="",ES$7=""),"",ROUND(ES11/ES$8*ES$7*KVARDI,2)) | EV11: =IF(OR(INDEX(Undirviðmið!$G$6:$G$105,(COLUMN()-7-1)/2+1)<>"Starfsbundið",EU11="",EU$8="",EU$7=""),"",ROUND(EU11/EU$8*EU$7*KVARDI,2)) | EX11: =IF(OR(INDEX(Undirviðmið!$G$6:$G$105,(COLUMN()-7-1)/2+1)<>"Starfsbundið",EW11="",EW$8="",EW$7=""),"",ROUND(EW11/EW$8*EW$7*KVARDI,2)) | EZ11: =IF(OR(INDEX(Undirviðmið!$G$6:$G$105,(COLUMN()-7-1)/2+1)<>"Starfsbundið",EY11="",EY$8="",EY$7=""),"",ROUND(EY11/EY$8*EY$7*KVARDI,2)) | FB11: =IF(OR(INDEX(Undirviðmið!$G$6:$G$105,(COLUMN()-7-1)/2+1)<>"Starfsbundið",FA11="",FA$8="",FA$7=""),"",ROUND(FA11/FA$8*FA$7*KVARDI,2)) | FD11: =IF(OR(INDEX(Undirviðmið!$G$6:$G$105,(COLUMN()-7-1)/2+1)<>"Starfsbundið",FC11="",FC$8="",FC$7=""),"",ROUND(FC11/FC$8*FC$7*KVARDI,2)) | FF11: =IF(OR(INDEX(Undirviðmið!$G$6:$G$105,(COLUMN()-7-1)/2+1)<>"Starfsbundið",FE11="",FE$8="",FE$7=""),"",ROUND(FE11/FE$8*FE$7*KVARDI,2)) | FH11: =IF(OR(INDEX(Undirviðmið!$G$6:$G$105,(COLUMN()-7-1)/2+1)<>"Starfsbundið",FG11="",FG$8="",FG$7=""),"",ROUND(FG11/FG$8*FG$7*KVARDI,2)) | FJ11: =IF(OR(INDEX(Undirviðmið!$G$6:$G$105,(COLUMN()-7-1)/2+1)<>"Starfsbundið",FI11="",FI$8="",FI$7=""),"",ROUND(FI11/FI$8*FI$7*KVARDI,2)) | FL11: =IF(OR(INDEX(Undirviðmið!$G$6:$G$105,(COLUMN()-7-1)/2+1)<>"Starfsbundið",FK11="",FK$8="",FK$7=""),"",ROUND(FK11/FK$8*FK$7*KVARDI,2)) | FN11: =IF(OR(INDEX(Undirviðmið!$G$6:$G$105,(COLUMN()-7-1)/2+1)<>"Starfsbundið",FM11="",FM$8="",FM$7=""),"",ROUND(FM11/FM$8*FM$7*KVARDI,2)) | FP11: =IF(OR(INDEX(Undirviðmið!$G$6:$G$105,(COLUMN()-7-1)/2+1)<>"Starfsbundið",FO11="",FO$8="",FO$7=""),"",ROUND(FO11/FO$8*FO$7*KVARDI,2)) | FR11: =IF(OR(INDEX(Undirviðmið!$G$6:$G$105,(COLUMN()-7-1)/2+1)<>"Starfsbundið",FQ11="",FQ$8="",FQ$7=""),"",ROUND(FQ11/FQ$8*FQ$7*KVARDI,2)) | FT11: =IF(OR(INDEX(Undirviðmið!$G$6:$G$105,(COLUMN()-7-1)/2+1)<>"Starfsbundið",FS11="",FS$8="",FS$7=""),"",ROUND(FS11/FS$8*FS$7*KVARDI,2)) | FV11: =IF(OR(INDEX(Undirviðmið!$G$6:$G$105,(COLUMN()-7-1)/2+1)<>"Starfsbundið",FU11="",FU$8="",FU$7=""),"",ROUND(FU11/FU$8*FU$7*KVARDI,2)) | FX11: =IF(OR(INDEX(Undirviðmið!$G$6:$G$105,(COLUMN()-7-1)/2+1)<>"Starfsbundið",FW11="",FW$8="",FW$7=""),"",ROUND(FW11/FW$8*FW$7*KVARDI,2)) | FZ11: =IF(OR(INDEX(Undirviðmið!$G$6:$G$105,(COLUMN()-7-1)/2+1)<>"Starfsbundið",FY11="",FY$8="",FY$7=""),"",ROUND(FY11/FY$8*FY$7*KVARDI,2)) | GB11: =IF(OR(INDEX(Undirviðmið!$G$6:$G$105,(COLUMN()-7-1)/2+1)<>"Starfsbundið",GA11="",GA$8="",GA$7=""),"",ROUND(GA11/GA$8*GA$7*KVARDI,2)) | GD11: =IF(OR(INDEX(Undirviðmið!$G$6:$G$105,(COLUMN()-7-1)/2+1)<>"Starfsbundið",GC11="",GC$8="",GC$7=""),"",ROUND(GC11/GC$8*GC$7*KVARDI,2)) | GF11: =IF(OR(INDEX(Undirviðmið!$G$6:$G$105,(COLUMN()-7-1)/2+1)<>"Starfsbundið",GE11="",GE$8="",GE$7=""),"",ROUND(GE11/GE$8*GE$7*KVARDI,2)) | GH11: =IF(OR(INDEX(Undirviðmið!$G$6:$G$105,(COLUMN()-7-1)/2+1)<>"Starfsbundið",GG11="",GG$8="",GG$7=""),"",ROUND(GG11/GG$8*GG$7*KVARDI,2)) | GJ11: =IF(OR(INDEX(Undirviðmið!$G$6:$G$105,(COLUMN()-7-1)/2+1)<>"Starfsbundið",GI11="",GI$8="",GI$7=""),"",ROUND(GI11/GI$8*GI$7*KVARDI,2)) | GL11: =IF(OR(INDEX(Undirviðmið!$G$6:$G$105,(COLUMN()-7-1)/2+1)<>"Starfsbundið",GK11="",GK$8="",GK$7=""),"",ROUND(GK11/GK$8*GK$7*KVARDI,2)) | GN11: =IF(OR(INDEX(Undirviðmið!$G$6:$G$105,(COLUMN()-7-1)/2+1)<>"Starfsbundið",GM11="",GM$8="",GM$7=""),"",ROUND(GM11/GM$8*GM$7*KVARDI,2)) | GP11: =IF(OR(INDEX(Undirviðmið!$G$6:$G$105,(COLUMN()-7-1)/2+1)<>"Starfsbundið",GO11="",GO$8="",GO$7=""),"",ROUND(GO11/GO$8*GO$7*KVARDI,2)) | GR11: =IF(OR(INDEX(Undirviðmið!$G$6:$G$105,(COLUMN()-7-1)/2+1)<>"Starfsbundið",GQ11="",GQ$8="",GQ$7=""),"",ROUND(GQ11/GQ$8*GQ$7*KVARDI,2)) | GT11: =IF(OR(INDEX(Undirviðmið!$G$6:$G$105,(COLUMN()-7-1)/2+1)<>"Starfsbundið",GS11="",GS$8="",GS$7=""),"",ROUND(GS11/GS$8*GS$7*KVARDI,2)) | GV11: =IF(OR(INDEX(Undirviðmið!$G$6:$G$105,(COLUMN()-7-1)/2+1)<>"Starfsbundið",GU11="",GU$8="",GU$7=""),"",ROUND(GU11/GU$8*GU$7*KVARDI,2)) | GX11: =IF(OR(INDEX(Undirviðmið!$G$6:$G$105,(COLUMN()-7-1)/2+1)<>"Starfsbundið",GW11="",GW$8="",GW$7=""),"",ROUND(GW11/GW$8*GW$7*KVARDI,2))
